locator;career_url;enabled;
//a[contains(@href, 'position') or contains(@href, 'vaga') or contains(@href, 'job') or contains(@href, 'career') or contains(@href, 'carreira')];https://www.sutherlandglobal.com/insights/web-page/ai-opportunity-assessment-calculator;Y;
//a[contains(@href, 'position') or contains(@href, 'vaga') or contains(@href, 'job') or contains(@href, 'career') or contains(@href, 'carreira')];https://www.progress.com/company/careers;Y;
//a[contains(@href, 'position') or contains(@href, 'vaga') or contains(@href, 'job') or contains(@href, 'career') or contains(@href, 'carreira')];https://www.sutherlandglobal.com/insights/web-page/ai-opportunity-assessment-calculator;Y;
//a[contains(@href, 'position') or contains(@href, 'vaga') or contains(@href, 'job') or contains(@href, 'career') or contains(@href, 'carreira')];https://www.voxmedia.com/jobs/;Y;
//a[contains(@href, 'position') or contains(@href, 'vaga') or contains(@href, 'job') or contains(@href, 'career') or contains(@href, 'carreira')];https://youcanbook.me/jobs;Y;
//a[contains(@href, 'position') or contains(@href, 'vaga') or contains(@href, 'job') or contains(@href, 'career') or contains(@href, 'carreira')];https://www.atlassian.com/company/careers/trello;Y;
//a[contains(@href, 'position') or contains(@href, 'vaga') or contains(@href, 'job') or contains(@href, 'career') or contains(@href, 'carreira')];https://weareuncapped.com/careers;Y;
//a[contains(@href, 'position') or contains(@href, 'vaga') or contains(@href, 'job') or contains(@href, 'career') or contains(@href, 'carreira')];https://web.smile.io/careers?_gl=1*16jrpkh*_gcl_au*NTM1MzQxMDc2LjE3MzM5MjMxMjY.;Y;
//a[contains(@href, 'position') or contains(@href, 'vaga') or contains(@href, 'job') or contains(@href, 'career') or contains(@href, 'carreira')];https://teamtreehouse.com/career-toolbox;Y;
//a[contains(@href, 'position') or contains(@href, 'vaga') or contains(@href, 'job') or contains(@href, 'career') or contains(@href, 'carreira')];https://teamtreehouse.com/jobs;Y;
//a[contains(@href, 'position') or contains(@href, 'vaga') or contains(@href, 'job') or contains(@href, 'career') or contains(@href, 'carreira')];https://www.progress.com/company/careers;Y;
//a[contains(@href, 'position') or contains(@href, 'vaga') or contains(@href, 'job') or contains(@href, 'career') or contains(@href, 'carreira')];https://www.wellsfargo.com/about/careers/;Y;
//a[contains(@href, 'position') or contains(@href, 'vaga') or contains(@href, 'job') or contains(@href, 'career') or contains(@href, 'carreira')];https://zapier.com/templates/details/identify-sales-opportunities-support-tickets;Y;
//a[contains(@href, 'position') or contains(@href, 'vaga') or contains(@href, 'job') or contains(@href, 'career') or contains(@href, 'carreira')];https://zapier.com/jobs;Y;
//a[contains(@href, 'position') or contains(@href, 'vaga') or contains(@href, 'job') or contains(@href, 'career') or contains(@href, 'carreira')];https://www.jobs.sutherlandglobal.com/;Y;
//a[contains(@href, 'position') or contains(@href, 'vaga') or contains(@href, 'job') or contains(@href, 'career') or contains(@href, 'carreira')];https://jobs.sutherlandglobal.com/;Y;[contains(@href, 'position') or contains(@href, 'vaga') or contains(@href, 'job') or contains(@href, 'career') or contains(@href, 'carreira')];https://www.sutherlandglobal.com/insights/web-page/ai-opportunity-assessment-calculator
//a[contains(@href, 'position') or contains(@href, 'vaga') or contains(@href, 'job') or contains(@href, 'career') or contains(@href, 'carreira')];https://talent.bairesdev.com/;Y;
//a[contains(@href, 'position') or contains(@href, 'vaga') or contains(@href, 'job') or contains(@href, 'career') or contains(@href, 'carreira')];https://www.maxio.com/careers;Y;
//a[contains(@href, 'position') or contains(@href, 'vaga') or contains(@href, 'job') or contains(@href, 'career') or contains(@href, 'carreira')];https://www.charitywater.org/about/jobs;Y;
//a[contains(@href, 'position') or contains(@href, 'vaga') or contains(@href, 'job') or contains(@href, 'career') or contains(@href, 'carreira')];https://www.checklyhq.com/careers/;Y;
//a[contains(@href, 'position') or contains(@href, 'vaga') or contains(@href, 'job') or contains(@href, 'career') or contains(@href, 'carreira')];https://lumenalta.com/careers/culture;Y;
//a[contains(@href, 'position') or contains(@href, 'vaga') or contains(@href, 'job') or contains(@href, 'career') or contains(@href, 'carreira')];https://lumenalta.com/remote-jobs;Y;
//a[contains(@href, 'position') or contains(@href, 'vaga') or contains(@href, 'job') or contains(@href, 'career') or contains(@href, 'carreira')];https://www.dashlane.com/about/careers;Y;
//a[contains(@href, 'position') or contains(@href, 'vaga') or contains(@href, 'job') or contains(@href, 'career') or contains(@href, 'carreira')];https://insider.dronedeploy.com/media/why-the-best-witness-on-your-jobsite-is-the-camera?utm_source=ddhome;Y;
//a[contains(@href, 'position') or contains(@href, 'vaga') or contains(@href, 'job') or contains(@href, 'career') or contains(@href, 'carreira')];https://dronedeploy.com/about/careers;Y;
//a[contains(@href, 'position') or contains(@href, 'vaga') or contains(@href, 'job') or contains(@href, 'career') or contains(@href, 'carreira')];https://evilmartians.com/careers;Y;
//a[contains(@href, 'position') or contains(@href, 'vaga') or contains(@href, 'job') or contains(@href, 'career') or contains(@href, 'carreira')];https://careers.factorialhr.com/#team;Y;
//a[contains(@href, 'position') or contains(@href, 'vaga') or contains(@href, 'job') or contains(@href, 'career') or contains(@href, 'carreira')];https://careers.factorialhr.com/#jobs;Y;
//a[contains(@href, 'position') or contains(@href, 'vaga') or contains(@href, 'job') or contains(@href, 'career') or contains(@href, 'carreira')];https://careers.factorialhr.com/complaints;Y;
//a[contains(@href, 'position') or contains(@href, 'vaga') or contains(@href, 'job') or contains(@href, 'career') or contains(@href, 'carreira')];https://careers.factorialhr.com/;Y;
//a[contains(@href, 'position') or contains(@href, 'vaga') or contains(@href, 'job') or contains(@href, 'career') or contains(@href, 'carreira')];https://www.fairwinds.com/careers;Y;
//a[contains(@href, 'position') or contains(@href, 'vaga') or contains(@href, 'job') or contains(@href, 'career') or contains(@href, 'carreira')];https://fivexl.io/career/;Y;
//a[contains(@href, 'position') or contains(@href, 'vaga') or contains(@href, 'job') or contains(@href, 'career') or contains(@href, 'carreira')];https://www.fourkitchens.com/careers/;Y;
//a[contains(@href, 'position') or contains(@href, 'vaga') or contains(@href, 'job') or contains(@href, 'career') or contains(@href, 'carreira')];https://careers.freeagent.com/;Y;
//a[contains(@href, 'position') or contains(@href, 'vaga') or contains(@href, 'job') or contains(@href, 'career') or contains(@href, 'carreira')];https://generalassemb.ly/students/career-services;Y;
//a[contains(@href, 'position') or contains(@href, 'vaga') or contains(@href, 'job') or contains(@href, 'career') or contains(@href, 'carreira')];https://generalassemb.ly/opportunity-fund/partners;Y;
//a[contains(@href, 'position') or contains(@href, 'vaga') or contains(@href, 'job') or contains(@href, 'career') or contains(@href, 'carreira')];https://generalassemb.ly/careers;Y;
//a[contains(@href, 'position') or contains(@href, 'vaga') or contains(@href, 'job') or contains(@href, 'career') or contains(@href, 'carreira')];https://github.careers/;Y;
//a[contains(@href, 'position') or contains(@href, 'vaga') or contains(@href, 'job') or contains(@href, 'career') or contains(@href, 'carreira')];https://gohiring.com/jobboersenliste/;Y;
//a[contains(@href, 'position') or contains(@href, 'vaga') or contains(@href, 'job') or contains(@href, 'career') or contains(@href, 'carreira')];https://gohiring.com/jobs/;Y;
//a[contains(@href, 'position') or contains(@href, 'vaga') or contains(@href, 'job') or contains(@href, 'career') or contains(@href, 'carreira')];https://gohiring.com/career-site-booster/;Y;
//a[contains(@href, 'position') or contains(@href, 'vaga') or contains(@href, 'job') or contains(@href, 'career') or contains(@href, 'carreira')];https://www.hashicorp.com/careers;Y;
//a[contains(@href, 'position') or contains(@href, 'vaga') or contains(@href, 'job') or contains(@href, 'career') or contains(@href, 'carreira')];https://www.hashicorp.com/en/careers;Y;
//a[contains(@href, 'position') or contains(@href, 'vaga') or contains(@href, 'job') or contains(@href, 'career') or contains(@href, 'carreira')];https://cape.io/careers;Y;
//a[contains(@href, 'position') or contains(@href, 'vaga') or contains(@href, 'job') or contains(@href, 'career') or contains(@href, 'carreira')];https://hopper.com/careers;Y;
//a[contains(@href, 'position') or contains(@href, 'vaga') or contains(@href, 'job') or contains(@href, 'career') or contains(@href, 'carreira')];https://careers.centralnicgroup.com/;Y;
//a[contains(@href, 'position') or contains(@href, 'vaga') or contains(@href, 'job') or contains(@href, 'career') or contains(@href, 'carreira')];https://www.jbs.dev/our-team/careers;Y;
//a[contains(@href, 'position') or contains(@href, 'vaga') or contains(@href, 'job') or contains(@href, 'career') or contains(@href, 'carreira')];https://app.screenloop.com/careers/jitera;Y;
//a[contains(@href, 'position') or contains(@href, 'vaga') or contains(@href, 'job') or contains(@href, 'career') or contains(@href, 'carreira')];https://www.jobsity.com/info-security-policy;Y;
//a[contains(@href, 'position') or contains(@href, 'vaga') or contains(@href, 'job') or contains(@href, 'career') or contains(@href, 'carreira')];https://www.linkedin.com/company/jobsity-llc/;Y;
//a[contains(@href, 'position') or contains(@href, 'vaga') or contains(@href, 'job') or contains(@href, 'career') or contains(@href, 'carreira')];https://www.instagram.com/jobsityusa/?hl=en;Y;
//a[contains(@href, 'position') or contains(@href, 'vaga') or contains(@href, 'job') or contains(@href, 'career') or contains(@href, 'carreira')];https://www.jobsity.com/nearshore-us;Y;
//a[contains(@href, 'position') or contains(@href, 'vaga') or contains(@href, 'job') or contains(@href, 'career') or contains(@href, 'carreira')];https://www.jobsity.com/insights/blog;Y;
//a[contains(@href, 'position') or contains(@href, 'vaga') or contains(@href, 'job') or contains(@href, 'career') or contains(@href, 'carreira')];https://careers.jobsity.com/;Y;
//a[contains(@href, 'position') or contains(@href, 'vaga') or contains(@href, 'job') or contains(@href, 'career') or contains(@href, 'carreira')];https://www.jobsity.com/insights;Y;
//a[contains(@href, 'position') or contains(@href, 'vaga') or contains(@href, 'job') or contains(@href, 'career') or contains(@href, 'carreira')];https://www.jobsity.com/why-jobsity;Y;
//a[contains(@href, 'position') or contains(@href, 'vaga') or contains(@href, 'job') or contains(@href, 'career') or contains(@href, 'carreira')];https://www.jobsity.com/bpo-services;Y;
//a[contains(@href, 'position') or contains(@href, 'vaga') or contains(@href, 'job') or contains(@href, 'career') or contains(@href, 'carreira')];https://www.jobsity.com/;Y;
//a[contains(@href, 'position') or contains(@href, 'vaga') or contains(@href, 'job') or contains(@href, 'career') or contains(@href, 'carreira')];https://www.jobsity.com/about-us;Y;
//a[contains(@href, 'position') or contains(@href, 'vaga') or contains(@href, 'job') or contains(@href, 'career') or contains(@href, 'carreira')];https://www.jobsity.com/#contact-form;Y;
//a[contains(@href, 'position') or contains(@href, 'vaga') or contains(@href, 'job') or contains(@href, 'career') or contains(@href, 'carreira')];https://www.jobsity.com/about-us#our_leaders;Y;
//a[contains(@href, 'position') or contains(@href, 'vaga') or contains(@href, 'job') or contains(@href, 'career') or contains(@href, 'carreira')];https://www.jobsity.com/nearshore-us#tech_folio;Y;
//a[contains(@href, 'position') or contains(@href, 'vaga') or contains(@href, 'job') or contains(@href, 'career') or contains(@href, 'carreira')];https://app.jobsity.com/client;Y;
//a[contains(@href, 'position') or contains(@href, 'vaga') or contains(@href, 'job') or contains(@href, 'career') or contains(@href, 'carreira')];https://www.facebook.com/jobsity/;Y;
//a[contains(@href, 'position') or contains(@href, 'vaga') or contains(@href, 'job') or contains(@href, 'career') or contains(@href, 'carreira')];https://app.jobsity.com/;Y;
//a[contains(@href, 'position') or contains(@href, 'vaga') or contains(@href, 'job') or contains(@href, 'career') or contains(@href, 'carreira')];https://www.jobsity.com/insights/client-success-stories;Y;
//a[contains(@href, 'position') or contains(@href, 'vaga') or contains(@href, 'job') or contains(@href, 'career') or contains(@href, 'carreira')];https://github.com/Jobsity;Y;
//a[contains(@href, 'position') or contains(@href, 'vaga') or contains(@href, 'job') or contains(@href, 'career') or contains(@href, 'carreira')];https://www.jobsity.com/insights/guides-and-reports;Y;
//a[contains(@href, 'position') or contains(@href, 'vaga') or contains(@href, 'job') or contains(@href, 'career') or contains(@href, 'carreira')];https://www.jobsity.com/privacy-policy;Y;
//a[contains(@href, 'position') or contains(@href, 'vaga') or contains(@href, 'job') or contains(@href, 'career') or contains(@href, 'carreira')];https://www.jobsity.com/services;Y;
//a[contains(@href, 'position') or contains(@href, 'vaga') or contains(@href, 'job') or contains(@href, 'career') or contains(@href, 'carreira')];https://twitter.com/JobsityTweets?lang=en;Y;
//a[contains(@href, 'position') or contains(@href, 'vaga') or contains(@href, 'job') or contains(@href, 'career') or contains(@href, 'carreira')];https://recruitment.jobsity.com/;Y;
//a[contains(@href, 'position') or contains(@href, 'vaga') or contains(@href, 'job') or contains(@href, 'career') or contains(@href, 'carreira')];https://www.joyent.com/careers;Y;
//a[contains(@href, 'position') or contains(@href, 'vaga') or contains(@href, 'job') or contains(@href, 'career') or contains(@href, 'carreira')];https://www.joyent.com/careers/software-engineer-dba;Y;
//a[contains(@href, 'position') or contains(@href, 'vaga') or contains(@href, 'job') or contains(@href, 'career') or contains(@href, 'carreira')];https://www.joyent.com/careers/general-employment-interest;Y;
//a[contains(@href, 'position') or contains(@href, 'vaga') or contains(@href, 'job') or contains(@href, 'career') or contains(@href, 'carreira')];https://www.joyent.com/about/policies/careers-privacy-notice;Y;
//a[contains(@href, 'position') or contains(@href, 'vaga') or contains(@href, 'job') or contains(@href, 'career') or contains(@href, 'carreira')];https://www.joyent.com/careers/;Y;
//a[contains(@href, 'position') or contains(@href, 'vaga') or contains(@href, 'job') or contains(@href, 'career') or contains(@href, 'carreira')];https://www.jupiterone.com/careers#openRoles;Y;
//a[contains(@href, 'position') or contains(@href, 'vaga') or contains(@href, 'job') or contains(@href, 'career') or contains(@href, 'carreira')];https://www.jupiterone.com/careers#;Y;
//a[contains(@href, 'position') or contains(@href, 'vaga') or contains(@href, 'job') or contains(@href, 'career') or contains(@href, 'carreira')];https://www.jupiterone.com/careers;Y;
//a[contains(@href, 'position') or contains(@href, 'vaga') or contains(@href, 'job') or contains(@href, 'career') or contains(@href, 'carreira')];https://www.chargify.com/careers/;Y;
//a[contains(@href, 'position') or contains(@href, 'vaga') or contains(@href, 'job') or contains(@href, 'career') or contains(@href, 'carreira')];https://www.kentik.com/careers/#postings;Y;
//a[contains(@href, 'position') or contains(@href, 'vaga') or contains(@href, 'job') or contains(@href, 'career') or contains(@href, 'carreira')];https://www.kentik.com/careers/#scam-alert;Y;
//a[contains(@href, 'position') or contains(@href, 'vaga') or contains(@href, 'job') or contains(@href, 'career') or contains(@href, 'carreira')];https://www.kentik.com/careers/;Y;
//a[contains(@href, 'position') or contains(@href, 'vaga') or contains(@href, 'job') or contains(@href, 'career') or contains(@href, 'carreira')];https://kinsta.com/careers/;Y;
//a[contains(@href, 'position') or contains(@href, 'vaga') or contains(@href, 'job') or contains(@href, 'career') or contains(@href, 'carreira')];https://kiprosh.com/careers;Y;
//a[contains(@href, 'position') or contains(@href, 'vaga') or contains(@href, 'job') or contains(@href, 'career') or contains(@href, 'carreira')];https://www.klaviyo.com/careers;Y;
//a[contains(@href, 'position') or contains(@href, 'vaga') or contains(@href, 'job') or contains(@href, 'career') or contains(@href, 'carreira')];https://www.knack.com/templates/job-scheduling/;Y;
//a[contains(@href, 'position') or contains(@href, 'vaga') or contains(@href, 'job') or contains(@href, 'career') or contains(@href, 'carreira')];https://www.knack.com/careers/;Y;
//a[contains(@href, 'position') or contains(@href, 'vaga') or contains(@href, 'job') or contains(@href, 'career') or contains(@href, 'carreira')];https://www.mixmax.com/careers;Y;
//a[contains(@href, 'position') or contains(@href, 'vaga') or contains(@href, 'job') or contains(@href, 'career') or contains(@href, 'carreira')];https://www.olark.com/jobs;Y;
//a[contains(@href, 'position') or contains(@href, 'vaga') or contains(@href, 'job') or contains(@href, 'career') or contains(@href, 'carreira')];https://www.olo.com/people-culture#careers-listings;Y;
//a[contains(@href, 'position') or contains(@href, 'vaga') or contains(@href, 'job') or contains(@href, 'career') or contains(@href, 'carreira')];https://www.ordermentum.com/careers;Y;
//a[contains(@href, 'position') or contains(@href, 'vaga') or contains(@href, 'job') or contains(@href, 'career') or contains(@href, 'carreira')];https://www.percona.com/about/careers;Y;
//a[contains(@href, 'position') or contains(@href, 'vaga') or contains(@href, 'job') or contains(@href, 'career') or contains(@href, 'carreira')];https://www.prisma.io/careers;Y;
//a[contains(@href, 'position') or contains(@href, 'vaga') or contains(@href, 'job') or contains(@href, 'career') or contains(@href, 'carreira')];https://ramp.com/careers;Y;
//a[contains(@href, 'position') or contains(@href, 'vaga') or contains(@href, 'job') or contains(@href, 'career') or contains(@href, 'carreira')];https://www.fairwinds.com/careers;Y;
//a[contains(@href, 'position') or contains(@href, 'vaga') or contains(@href, 'job') or contains(@href, 'career') or contains(@href, 'carreira')];https://www.rocket.chat/company/careers;Y;
//a[contains(@href, 'position') or contains(@href, 'vaga') or contains(@href, 'job') or contains(@href, 'career') or contains(@href, 'carreira')];https://www.shopify.com/careers;Y;
//a[contains(@href, 'position') or contains(@href, 'vaga') or contains(@href, 'job') or contains(@href, 'career') or contains(@href, 'carreira')];https://www.artefactual.com/careers;Y;
//a[contains(@href, 'position') or contains(@href, 'vaga') or contains(@href, 'job') or contains(@href, 'career') or contains(@href, 'carreira')];https://www.articulate.com/about/careers/;Y;
//a[contains(@href, 'position') or contains(@href, 'vaga') or contains(@href, 'job') or contains(@href, 'career') or contains(@href, 'carreira')];https://www.astronomer.io/careers/;Y;
//a[contains(@href, 'position') or contains(@href, 'vaga') or contains(@href, 'job') or contains(@href, 'career') or contains(@href, 'carreira')];https://www.atlassian.com/company/careers;Y;
//a[contains(@href, 'position') or contains(@href, 'vaga') or contains(@href, 'job') or contains(@href, 'career') or contains(@href, 'carreira')];https://www.audiense.com/jobs/careers;Y;
//a[contains(@href, 'position') or contains(@href, 'vaga') or contains(@href, 'job') or contains(@href, 'career') or contains(@href, 'carreira')];https://www.aula.education/careers;Y;
//a[contains(@href, 'position') or contains(@href, 'vaga') or contains(@href, 'job') or contains(@href, 'career') or contains(@href, 'carreira')];https://wpjobmanager.com/;Y;
//a[contains(@href, 'position') or contains(@href, 'vaga') or contains(@href, 'job') or contains(@href, 'career') or contains(@href, 'carreira')];https://www.axelerant.com/careers;Y;
//a[contains(@href, 'position') or contains(@href, 'vaga') or contains(@href, 'job') or contains(@href, 'career') or contains(@href, 'carreira')];https://jobs.balena.io/;Y;
//a[contains(@href, 'position') or contains(@href, 'vaga') or contains(@href, 'job') or contains(@href, 'career') or contains(@href, 'carreira')];https://balsamiq.com/company/careers/;Y;
//a[contains(@href, 'position') or contains(@href, 'vaga') or contains(@href, 'job') or contains(@href, 'career') or contains(@href, 'carreira')];https://balsamiq.com/#our-monthly-emails-will-make-you-better-at-your-job;Y;
//a[contains(@href, 'position') or contains(@href, 'vaga') or contains(@href, 'job') or contains(@href, 'career') or contains(@href, 'carreira')];https://bandcamp.com/jobs?from=footer;Y;
//a[contains(@href, 'position') or contains(@href, 'vaga') or contains(@href, 'job') or contains(@href, 'career') or contains(@href, 'carreira')];https://bandzoogle.com/jobs;Y;
//a[contains(@href, 'position') or contains(@href, 'vaga') or contains(@href, 'job') or contains(@href, 'career') or contains(@href, 'carreira')];https://baremetrics.com/about#careers;Y;
//a[contains(@href, 'position') or contains(@href, 'vaga') or contains(@href, 'job') or contains(@href, 'career') or contains(@href, 'carreira')];https://basecamp.com/justletmedomyjob;Y;
//a[contains(@href, 'position') or contains(@href, 'vaga') or contains(@href, 'job') or contains(@href, 'career') or contains(@href, 'carreira')];https://www.mediagenix.tv/jobs/;Y;
//a[contains(@href, 'position') or contains(@href, 'vaga') or contains(@href, 'job') or contains(@href, 'career') or contains(@href, 'carreira')];https://www.mediagenix.tv/jobs/alumni-community/;Y;
//a[contains(@href, 'position') or contains(@href, 'vaga') or contains(@href, 'job') or contains(@href, 'career') or contains(@href, 'carreira')];https://www.mediagenix.tv/jobs;Y;
//a[contains(@href, 'position') or contains(@href, 'vaga') or contains(@href, 'job') or contains(@href, 'career') or contains(@href, 'carreira')];https://www.mediagenix.tv/jobs/job-opportunities/;Y;
//a[contains(@href, 'position') or contains(@href, 'vaga') or contains(@href, 'job') or contains(@href, 'career') or contains(@href, 'carreira')];https://requesttracker.com/careers-no-openings;Y;
//a[contains(@href, 'position') or contains(@href, 'vaga') or contains(@href, 'job') or contains(@href, 'career') or contains(@href, 'carreira')];https://betable.com/careers/;Y;
//a[contains(@href, 'position') or contains(@href, 'vaga') or contains(@href, 'job') or contains(@href, 'career') or contains(@href, 'carreira')];https://www.betable.com/careers/;Y;
//a[contains(@href, 'position') or contains(@href, 'vaga') or contains(@href, 'job') or contains(@href, 'career') or contains(@href, 'carreira')];https://www.betterup.com/about-us/careers;Y;
//a[contains(@href, 'position') or contains(@href, 'vaga') or contains(@href, 'job') or contains(@href, 'career') or contains(@href, 'carreira')];https://www.betterup.com/for-individuals/career-coaching;Y;
//a[contains(@href, 'position') or contains(@href, 'vaga') or contains(@href, 'job') or contains(@href, 'career') or contains(@href, 'carreira')];https://betterup.com/for-individuals/career-coaching;Y;
//a[contains(@href, 'position') or contains(@href, 'vaga') or contains(@href, 'job') or contains(@href, 'career') or contains(@href, 'carreira')];https://www.beyondpricing.com/about/careers;Y;
//a[contains(@href, 'position') or contains(@href, 'vaga') or contains(@href, 'job') or contains(@href, 'career') or contains(@href, 'carreira')];https://www.bigcartel.com/company/jobs;Y;
//a[contains(@href, 'position') or contains(@href, 'vaga') or contains(@href, 'job') or contains(@href, 'career') or contains(@href, 'carreira')];https://www.bill.com/careers;Y;
//a[contains(@href, 'position') or contains(@href, 'vaga') or contains(@href, 'job') or contains(@href, 'career') or contains(@href, 'carreira')];https://bitzesty.com/careers;Y;
//a[contains(@href, 'position') or contains(@href, 'vaga') or contains(@href, 'job') or contains(@href, 'career') or contains(@href, 'carreira')];https://www.bitovi.com/careers?hsLang=en-us;Y;
//a[contains(@href, 'position') or contains(@href, 'vaga') or contains(@href, 'job') or contains(@href, 'career') or contains(@href, 'carreira')];https://firehydrant.com/careers/;Y;
//a[contains(@href, 'position') or contains(@href, 'vaga') or contains(@href, 'job') or contains(@href, 'career') or contains(@href, 'carreira')];https://bluecatnetworks.com/solutions/job-roles/cloudops-practitioners/;Y;
//a[contains(@href, 'position') or contains(@href, 'vaga') or contains(@href, 'job') or contains(@href, 'career') or contains(@href, 'carreira')];https://bluecatnetworks.com/solutions/job-roles/;Y;
//a[contains(@href, 'position') or contains(@href, 'vaga') or contains(@href, 'job') or contains(@href, 'career') or contains(@href, 'carreira')];https://bluecatnetworks.com/solutions/job-roles/devops-practitioners/;Y;
//a[contains(@href, 'position') or contains(@href, 'vaga') or contains(@href, 'job') or contains(@href, 'career') or contains(@href, 'carreira')];https://bluecatnetworks.com/solutions/job-roles/networking-practitioners/;Y;
//a[contains(@href, 'position') or contains(@href, 'vaga') or contains(@href, 'job') or contains(@href, 'career') or contains(@href, 'carreira')];https://bluecatnetworks.com/solutions/job-roles/secops-practitioners/;Y;
//a[contains(@href, 'position') or contains(@href, 'vaga') or contains(@href, 'job') or contains(@href, 'career') or contains(@href, 'carreira')];https://bluecatnetworks.com/careers/;Y;
//a[contains(@href, 'position') or contains(@href, 'vaga') or contains(@href, 'job') or contains(@href, 'career') or contains(@href, 'carreira')];https://bluecatnetworks.com/solutions/job-roles/netops-practitioners/;Y;
//a[contains(@href, 'position') or contains(@href, 'vaga') or contains(@href, 'job') or contains(@href, 'career') or contains(@href, 'carreira')];https://www.bluespark.com/careers;Y;
//a[contains(@href, 'position') or contains(@href, 'vaga') or contains(@href, 'job') or contains(@href, 'career') or contains(@href, 'carreira')];https://www.boldare.com/career/;Y;
//a[contains(@href, 'position') or contains(@href, 'vaga') or contains(@href, 'job') or contains(@href, 'career') or contains(@href, 'carreira')];https://www.hellobonsai.com/careers;Y;
//a[contains(@href, 'position') or contains(@href, 'vaga') or contains(@href, 'job') or contains(@href, 'career') or contains(@href, 'carreira')];https://www.bounteous.com/careers;Y;
//a[contains(@href, 'position') or contains(@href, 'vaga') or contains(@href, 'job') or contains(@href, 'career') or contains(@href, 'carreira')];https://www.britecore.com/company/careers;Y;
//a[contains(@href, 'position') or contains(@href, 'vaga') or contains(@href, 'job') or contains(@href, 'career') or contains(@href, 'carreira')];https://www.broadwing.io/connect-form?type=careers;Y;
//a[contains(@href, 'position') or contains(@href, 'vaga') or contains(@href, 'job') or contains(@href, 'career') or contains(@href, 'carreira')];https://careers.jobscore.com/careers/buysellads;Y;
//a[contains(@href, 'position') or contains(@href, 'vaga') or contains(@href, 'job') or contains(@href, 'career') or contains(@href, 'carreira')];https://cabify.careers/es/;Y;
//a[contains(@href, 'position') or contains(@href, 'vaga') or contains(@href, 'job') or contains(@href, 'career') or contains(@href, 'carreira')];https://www.calamari.io/career;Y;
//a[contains(@href, 'position') or contains(@href, 'vaga') or contains(@href, 'job') or contains(@href, 'career') or contains(@href, 'carreira')];https://canonical.com/#careers-content-back;Y;
//a[contains(@href, 'position') or contains(@href, 'vaga') or contains(@href, 'job') or contains(@href, 'career') or contains(@href, 'carreira')];https://canonical.com/careers/alliances-and-channels;Y;
//a[contains(@href, 'position') or contains(@href, 'vaga') or contains(@href, 'job') or contains(@href, 'career') or contains(@href, 'carreira')];https://canonical.com/careers/project-management;Y;
//a[contains(@href, 'position') or contains(@href, 'vaga') or contains(@href, 'job') or contains(@href, 'career') or contains(@href, 'carreira')];https://canonical.com/careers/administration;Y;
//a[contains(@href, 'position') or contains(@href, 'vaga') or contains(@href, 'job') or contains(@href, 'career') or contains(@href, 'carreira')];https://canonical.com/careers/finance;Y;
//a[contains(@href, 'position') or contains(@href, 'vaga') or contains(@href, 'job') or contains(@href, 'career') or contains(@href, 'carreira')];https://canonical.com/careers/engineering;Y;
//a[contains(@href, 'position') or contains(@href, 'vaga') or contains(@href, 'job') or contains(@href, 'career') or contains(@href, 'carreira')];https://canonical.com/careers/marketing;Y;
//a[contains(@href, 'position') or contains(@href, 'vaga') or contains(@href, 'job') or contains(@href, 'career') or contains(@href, 'carreira')];https://canonical.com/careers/people;Y;
//a[contains(@href, 'position') or contains(@href, 'vaga') or contains(@href, 'job') or contains(@href, 'career') or contains(@href, 'carreira')];https://canonical.com/careers/commercial-operations;Y;
//a[contains(@href, 'position') or contains(@href, 'vaga') or contains(@href, 'job') or contains(@href, 'career') or contains(@href, 'carreira')];https://canonical.com/careers/hiring-process;Y;
//a[contains(@href, 'position') or contains(@href, 'vaga') or contains(@href, 'job') or contains(@href, 'career') or contains(@href, 'carreira')];https://canonical.com/careers/web-and-design;Y;
//a[contains(@href, 'position') or contains(@href, 'vaga') or contains(@href, 'job') or contains(@href, 'career') or contains(@href, 'carreira')];https://canonical.com/careers;Y;
//a[contains(@href, 'position') or contains(@href, 'vaga') or contains(@href, 'job') or contains(@href, 'career') or contains(@href, 'carreira')];https://canonical.com/careers/company-culture;Y;
//a[contains(@href, 'position') or contains(@href, 'vaga') or contains(@href, 'job') or contains(@href, 'career') or contains(@href, 'carreira')];https://canonical.com/careers/legal;Y;
//a[contains(@href, 'position') or contains(@href, 'vaga') or contains(@href, 'job') or contains(@href, 'career') or contains(@href, 'carreira')];https://canonical.com/careers/company-culture/remote-work;Y;
//a[contains(@href, 'position') or contains(@href, 'vaga') or contains(@href, 'job') or contains(@href, 'career') or contains(@href, 'carreira')];https://canonical.com/careers/support-engineering;Y;
//a[contains(@href, 'position') or contains(@href, 'vaga') or contains(@href, 'job') or contains(@href, 'career') or contains(@href, 'carreira')];https://canonical.com/careers/sales;Y;
//a[contains(@href, 'position') or contains(@href, 'vaga') or contains(@href, 'job') or contains(@href, 'career') or contains(@href, 'carreira')];https://canonical.com/careers/product;Y;
//a[contains(@href, 'position') or contains(@href, 'vaga') or contains(@href, 'job') or contains(@href, 'career') or contains(@href, 'carreira')];https://canonical.com/careers/company-culture/diversity;Y;
//a[contains(@href, 'position') or contains(@href, 'vaga') or contains(@href, 'job') or contains(@href, 'career') or contains(@href, 'carreira')];https://canonical.com/navigation#careers-navigation;Y;
//a[contains(@href, 'position') or contains(@href, 'vaga') or contains(@href, 'job') or contains(@href, 'career') or contains(@href, 'carreira')];https://canonical.com/careers/company-culture/sustainability;Y;
//a[contains(@href, 'position') or contains(@href, 'vaga') or contains(@href, 'job') or contains(@href, 'career') or contains(@href, 'carreira')];https://canonical.com/careers/company-culture/progression;Y;
//a[contains(@href, 'position') or contains(@href, 'vaga') or contains(@href, 'job') or contains(@href, 'career') or contains(@href, 'carreira')];https://www.capchase.com/careers;Y;
//a[contains(@href, 'position') or contains(@href, 'vaga') or contains(@href, 'job') or contains(@href, 'career') or contains(@href, 'carreira')];https://www.capitalonecareers.com/india;Y;
//a[contains(@href, 'position') or contains(@href, 'vaga') or contains(@href, 'job') or contains(@href, 'career') or contains(@href, 'carreira')];https://www.capitalonecareers.com/new-york;Y;
//a[contains(@href, 'position') or contains(@href, 'vaga') or contains(@href, 'job') or contains(@href, 'career') or contains(@href, 'carreira')];https://www.capitalonecareers.com/full-time-programs;Y;
//a[contains(@href, 'position') or contains(@href, 'vaga') or contains(@href, 'job') or contains(@href, 'career') or contains(@href, 'carreira')];https://www.capitalonecareers.com/innovation;Y;
//a[contains(@href, 'position') or contains(@href, 'vaga') or contains(@href, 'job') or contains(@href, 'career') or contains(@href, 'carreira')];https://www.capitalonecareers.com/job/mclean/manager-cyber-technical-iam/1732/87597553824;Y;
//a[contains(@href, 'position') or contains(@href, 'vaga') or contains(@href, 'job') or contains(@href, 'career') or contains(@href, 'carreira')];https://www.capitalonecareers.com/mexico;Y;
//a[contains(@href, 'position') or contains(@href, 'vaga') or contains(@href, 'job') or contains(@href, 'career') or contains(@href, 'carreira')];https://www.capitalonecareers.com/search-jobs/?orgIds=234&acm=4412%2c29098%2c29017&ascf=%5b%7b%22Key%22%3a%22job_type%22%2c%22Value%22%3a%22ALL%22%7d%5d;Y;
//a[contains(@href, 'position') or contains(@href, 'vaga') or contains(@href, 'job') or contains(@href, 'career') or contains(@href, 'carreira')];https://www.capitalonecareers.com/customercare;Y;
//a[contains(@href, 'position') or contains(@href, 'vaga') or contains(@href, 'job') or contains(@href, 'career') or contains(@href, 'carreira')];https://www.capitalonecareers.com/blog;Y;
//a[contains(@href, 'position') or contains(@href, 'vaga') or contains(@href, 'job') or contains(@href, 'career') or contains(@href, 'carreira')];https://www.capitalonecareers.com/dallas;Y;
//a[contains(@href, 'position') or contains(@href, 'vaga') or contains(@href, 'job') or contains(@href, 'career') or contains(@href, 'carreira')];https://www.capitalonecareers.com/cookie-management;Y;
//a[contains(@href, 'position') or contains(@href, 'vaga') or contains(@href, 'job') or contains(@href, 'career') or contains(@href, 'carreira')];https://www.capitalonecareers.com/military;Y;
//a[contains(@href, 'position') or contains(@href, 'vaga') or contains(@href, 'job') or contains(@href, 'career') or contains(@href, 'carreira')];https://jobs.capitalone.co.uk/;Y;
//a[contains(@href, 'position') or contains(@href, 'vaga') or contains(@href, 'job') or contains(@href, 'career') or contains(@href, 'carreira')];https://www.capitalonecareers.com/tech#content;Y;
//a[contains(@href, 'position') or contains(@href, 'vaga') or contains(@href, 'job') or contains(@href, 'career') or contains(@href, 'carreira')];https://www.capitalonecareers.com/richmond;Y;
//a[contains(@href, 'position') or contains(@href, 'vaga') or contains(@href, 'job') or contains(@href, 'career') or contains(@href, 'carreira')];https://www.capitalonecareers.com/job/mclean/senior-software-engineer-full-stack-angular-java/1732/88546837504;Y;
//a[contains(@href, 'position') or contains(@href, 'vaga') or contains(@href, 'job') or contains(@href, 'career') or contains(@href, 'carreira')];https://www.capitalonecareers.com/mclean;Y;
//a[contains(@href, 'position') or contains(@href, 'vaga') or contains(@href, 'job') or contains(@href, 'career') or contains(@href, 'carreira')];https://www.capitalonecareers.com/early-internships-program;Y;
//a[contains(@href, 'position') or contains(@href, 'vaga') or contains(@href, 'job') or contains(@href, 'career') or contains(@href, 'carreira')];https://www.capitalonecareers.com/job/richmond/lead-platform-engineer-audio-video-unified-communications/1732/88878313376;Y;
//a[contains(@href, 'position') or contains(@href, 'vaga') or contains(@href, 'job') or contains(@href, 'career') or contains(@href, 'carreira')];https://www.capitalonecareers.com/tech;Y;
//a[contains(@href, 'position') or contains(@href, 'vaga') or contains(@href, 'job') or contains(@href, 'career') or contains(@href, 'carreira')];https://www.capitalonecareers.com/search-jobs;Y;
//a[contains(@href, 'position') or contains(@href, 'vaga') or contains(@href, 'job') or contains(@href, 'career') or contains(@href, 'carreira')];https://www.capitalonecareers.com/sitemap;Y;
//a[contains(@href, 'position') or contains(@href, 'vaga') or contains(@href, 'job') or contains(@href, 'career') or contains(@href, 'carreira')];https://www.capitalonecareers.com/from-tech-intern-to-senior-software-engineer-tech-students;Y;
//a[contains(@href, 'position') or contains(@href, 'vaga') or contains(@href, 'job') or contains(@href, 'career') or contains(@href, 'carreira')];https://www.capitalonecareers.com/faq;Y;
//a[contains(@href, 'position') or contains(@href, 'vaga') or contains(@href, 'job') or contains(@href, 'career') or contains(@href, 'carreira')];https://www.capitalonecareers.com/diversity;Y;
//a[contains(@href, 'position') or contains(@href, 'vaga') or contains(@href, 'job') or contains(@href, 'career') or contains(@href, 'carreira')];https://www.capitalonecareers.com/locations;Y;
//a[contains(@href, 'position') or contains(@href, 'vaga') or contains(@href, 'job') or contains(@href, 'career') or contains(@href, 'carreira')];https://capitalone.wd12.myworkdayjobs.com/Capital_One/login;Y;
//a[contains(@href, 'position') or contains(@href, 'vaga') or contains(@href, 'job') or contains(@href, 'career') or contains(@href, 'carreira')];https://www.capitalonecareers.com/culture;Y;
//a[contains(@href, 'position') or contains(@href, 'vaga') or contains(@href, 'job') or contains(@href, 'career') or contains(@href, 'carreira')];https://www.capitalonecareers.com/advancing-your-career-through-machine-learning-cdev-tech;Y;
//a[contains(@href, 'position') or contains(@href, 'vaga') or contains(@href, 'job') or contains(@href, 'career') or contains(@href, 'carreira')];https://www.capitalonecareers.com/san-francisco;Y;
//a[contains(@href, 'position') or contains(@href, 'vaga') or contains(@href, 'job') or contains(@href, 'career') or contains(@href, 'carreira')];https://www.capitalonecareers.com/;Y;
//a[contains(@href, 'position') or contains(@href, 'vaga') or contains(@href, 'job') or contains(@href, 'career') or contains(@href, 'carreira')];https://www.capitalonecareers.com/job/richmond/senior-manager-technical-program-manager-capital-one-software-remote/1732/88870765408;Y;
//a[contains(@href, 'position') or contains(@href, 'vaga') or contains(@href, 'job') or contains(@href, 'career') or contains(@href, 'carreira')];https://www.capitalonecareers.com/philadelphia;Y;
//a[contains(@href, 'position') or contains(@href, 'vaga') or contains(@href, 'job') or contains(@href, 'career') or contains(@href, 'carreira')];https://www.capitalonecareers.com/how-we-work;Y;
//a[contains(@href, 'position') or contains(@href, 'vaga') or contains(@href, 'job') or contains(@href, 'career') or contains(@href, 'carreira')];https://www.capitalonecareers.com/job/mclean/director-distinguished-engineer-card-tech/1732/88868903712;Y;
//a[contains(@href, 'position') or contains(@href, 'vaga') or contains(@href, 'job') or contains(@href, 'career') or contains(@href, 'carreira')];https://www.capitalonecareers.ca/;Y;
//a[contains(@href, 'position') or contains(@href, 'vaga') or contains(@href, 'job') or contains(@href, 'career') or contains(@href, 'carreira')];https://www.capitalonecareers.com/job/mclean/director-software-engineering-connectivity-security/1732/88878313344;Y;
//a[contains(@href, 'position') or contains(@href, 'vaga') or contains(@href, 'job') or contains(@href, 'career') or contains(@href, 'carreira')];https://www.capitalonecareers.com/graduate-programs;Y;
//a[contains(@href, 'position') or contains(@href, 'vaga') or contains(@href, 'job') or contains(@href, 'career') or contains(@href, 'carreira')];https://www.capitalonecareers.com/job/chicago/lead-software-engineer-full-stack-python-java-aws/1732/86254365280;Y;
//a[contains(@href, 'position') or contains(@href, 'vaga') or contains(@href, 'job') or contains(@href, 'career') or contains(@href, 'carreira')];https://www.facebook.com/CapitalOneCareers/;Y;
//a[contains(@href, 'position') or contains(@href, 'vaga') or contains(@href, 'job') or contains(@href, 'career') or contains(@href, 'carreira')];https://www.capitalonecareers.com/benefits;Y;
//a[contains(@href, 'position') or contains(@href, 'vaga') or contains(@href, 'job') or contains(@href, 'career') or contains(@href, 'carreira')];https://www.capitalonecareers.com/teams;Y;
//a[contains(@href, 'position') or contains(@href, 'vaga') or contains(@href, 'job') or contains(@href, 'career') or contains(@href, 'carreira')];https://www.capitalonecareers.com/discover;Y;
//a[contains(@href, 'position') or contains(@href, 'vaga') or contains(@href, 'job') or contains(@href, 'career') or contains(@href, 'carreira')];https://www.capitalonecareers.com/job/san-jose/senior-manager-software-engineering/1732/88868903808;Y;
//a[contains(@href, 'position') or contains(@href, 'vaga') or contains(@href, 'job') or contains(@href, 'career') or contains(@href, 'carreira')];https://www.capitalonecareers.com/atlanta;Y;
//a[contains(@href, 'position') or contains(@href, 'vaga') or contains(@href, 'job') or contains(@href, 'career') or contains(@href, 'carreira')];https://www.capitalonecareers.com/internship-programs;Y;
//a[contains(@href, 'position') or contains(@href, 'vaga') or contains(@href, 'job') or contains(@href, 'career') or contains(@href, 'carreira')];https://www.capitalonecareers.com/students;Y;
//a[contains(@href, 'position') or contains(@href, 'vaga') or contains(@href, 'job') or contains(@href, 'career') or contains(@href, 'carreira')];https://www.capitalonecareers.com/saved-jobs;Y;
//a[contains(@href, 'position') or contains(@href, 'vaga') or contains(@href, 'job') or contains(@href, 'career') or contains(@href, 'carreira')];https://www.capitalonecareers.com/job/richmond/senior-software-engineer-back-end-go/1732/88015279424;Y;
//a[contains(@href, 'position') or contains(@href, 'vaga') or contains(@href, 'job') or contains(@href, 'career') or contains(@href, 'carreira')];https://www.capitalonecareers.com/using-machine-learning-to-change-banking-for-good-tech;Y;
//a[contains(@href, 'position') or contains(@href, 'vaga') or contains(@href, 'job') or contains(@href, 'career') or contains(@href, 'carreira')];https://www.capitalonecareers.com/boston;Y;
//a[contains(@href, 'position') or contains(@href, 'vaga') or contains(@href, 'job') or contains(@href, 'career') or contains(@href, 'carreira')];https://www.capitalonecareers.com/chicago;Y;
//a[contains(@href, 'position') or contains(@href, 'vaga') or contains(@href, 'job') or contains(@href, 'career') or contains(@href, 'carreira')];https://www.capitalonecareers.com/awards;Y;
//a[contains(@href, 'position') or contains(@href, 'vaga') or contains(@href, 'job') or contains(@href, 'career') or contains(@href, 'carreira')];https://www.instagram.com/capitalonecareers/?hl=en;Y;
//a[contains(@href, 'position') or contains(@href, 'vaga') or contains(@href, 'job') or contains(@href, 'career') or contains(@href, 'carreira')];https://capitalonecareers.com.ph/career-opportunities.php;Y;
//a[contains(@href, 'position') or contains(@href, 'vaga') or contains(@href, 'job') or contains(@href, 'career') or contains(@href, 'carreira')];https://www.capitalonecareers.com/job/chicago/senior-software-engineer-go-java-python-aws/1732/85255856528;Y;
//a[contains(@href, 'position') or contains(@href, 'vaga') or contains(@href, 'job') or contains(@href, 'career') or contains(@href, 'carreira')];https://www.capitalonecareers.com/life-at-capital-one;Y;
//a[contains(@href, 'position') or contains(@href, 'vaga') or contains(@href, 'job') or contains(@href, 'career') or contains(@href, 'carreira')];https://www.youtube.com/user/capitalonejobs;Y;
//a[contains(@href, 'position') or contains(@href, 'vaga') or contains(@href, 'job') or contains(@href, 'career') or contains(@href, 'carreira')];https://www.capitalonecareers.com/faq/;Y;
//a[contains(@href, 'position') or contains(@href, 'vaga') or contains(@href, 'job') or contains(@href, 'career') or contains(@href, 'carreira')];https://www.cardsagainsthumanity.com/careers;Y;
//a[contains(@href, 'position') or contains(@href, 'vaga') or contains(@href, 'job') or contains(@href, 'career') or contains(@href, 'carreira')];https://www.caremessage.org/about-us/careers/#fl-main-content;Y;
//a[contains(@href, 'position') or contains(@href, 'vaga') or contains(@href, 'job') or contains(@href, 'career') or contains(@href, 'carreira')];https://www.caremessage.org/about-us/careers/;Y;
//a[contains(@href, 'position') or contains(@href, 'vaga') or contains(@href, 'job') or contains(@href, 'career') or contains(@href, 'carreira')];https://jobs.lever.co/caremessage;Y;
//a[contains(@href, 'position') or contains(@href, 'vaga') or contains(@href, 'job') or contains(@href, 'career') or contains(@href, 'carreira')];https://carto.com/careers/;Y;
//a[contains(@href, 'position') or contains(@href, 'vaga') or contains(@href, 'job') or contains(@href, 'career') or contains(@href, 'carreira')];https://www.cartstack.com/careers/;Y;
//a[contains(@href, 'position') or contains(@href, 'vaga') or contains(@href, 'job') or contains(@href, 'career') or contains(@href, 'carreira')];https://www.casumocareers.com/;Y;
//a[contains(@href, 'position') or contains(@href, 'vaga') or contains(@href, 'job') or contains(@href, 'career') or contains(@href, 'carreira')];https://chainlinklabs.com/careers/how-we-work;Y;
//a[contains(@href, 'position') or contains(@href, 'vaga') or contains(@href, 'job') or contains(@href, 'career') or contains(@href, 'carreira')];https://chainlinklabs.com/careers/web3-experts;Y;
//a[contains(@href, 'position') or contains(@href, 'vaga') or contains(@href, 'job') or contains(@href, 'career') or contains(@href, 'carreira')];https://chainlinklabs.com/careers/culture;Y;
//a[contains(@href, 'position') or contains(@href, 'vaga') or contains(@href, 'job') or contains(@href, 'career') or contains(@href, 'carreira')];https://chainlinklabs.com/careers;Y;
//a[contains(@href, 'position') or contains(@href, 'vaga') or contains(@href, 'job') or contains(@href, 'career') or contains(@href, 'carreira')];https://www.chef.io/products/job-orchestration;Y;
//a[contains(@href, 'position') or contains(@href, 'vaga') or contains(@href, 'job') or contains(@href, 'career') or contains(@href, 'carreira')];https://www.chef.io/careers;Y;
//a[contains(@href, 'position') or contains(@href, 'vaga') or contains(@href, 'job') or contains(@href, 'career') or contains(@href, 'carreira')];https://www.chess.com/jobs;Y;
//a[contains(@href, 'position') or contains(@href, 'vaga') or contains(@href, 'job') or contains(@href, 'career') or contains(@href, 'carreira')];https://www.chess.com/register?returnUrl=https://www.chess.com/jobs;Y;
//a[contains(@href, 'position') or contains(@href, 'vaga') or contains(@href, 'job') or contains(@href, 'career') or contains(@href, 'carreira')];https://www.chess.com/login_and_go?returnUrl=https://www.chess.com/jobs;Y;
//a[contains(@href, 'position') or contains(@href, 'vaga') or contains(@href, 'job') or contains(@href, 'career') or contains(@href, 'carreira')];https://www.chromatic.com/company/careers;Y;
//a[contains(@href, 'position') or contains(@href, 'vaga') or contains(@href, 'job') or contains(@href, 'career') or contains(@href, 'carreira')];https://circleci.com/careers/;Y;
//a[contains(@href, 'position') or contains(@href, 'vaga') or contains(@href, 'job') or contains(@href, 'career') or contains(@href, 'carreira')];https://circleci.com/changelog/changes-to-v2-workflow-job-api/;Y;
//a[contains(@href, 'position') or contains(@href, 'vaga') or contains(@href, 'job') or contains(@href, 'career') or contains(@href, 'carreira')];https://www.apica.io/careers/;Y;
//a[contains(@href, 'position') or contains(@href, 'vaga') or contains(@href, 'job') or contains(@href, 'career') or contains(@href, 'carreira')];https://www.apica.io/careers;Y;
//a[contains(@href, 'position') or contains(@href, 'vaga') or contains(@href, 'job') or contains(@href, 'career') or contains(@href, 'carreira')];https://civicactions.com/careers/;Y;
//a[contains(@href, 'position') or contains(@href, 'vaga') or contains(@href, 'job') or contains(@href, 'career') or contains(@href, 'carreira')];https://careers.civo.com/;Y;
//a[contains(@href, 'position') or contains(@href, 'vaga') or contains(@href, 'job') or contains(@href, 'career') or contains(@href, 'carreira')];https://www.clootrack.com/careers;Y;
//a[contains(@href, 'position') or contains(@href, 'vaga') or contains(@href, 'job') or contains(@href, 'career') or contains(@href, 'carreira')];https://www.close.com/careers;Y;
//a[contains(@href, 'position') or contains(@href, 'vaga') or contains(@href, 'job') or contains(@href, 'career') or contains(@href, 'carreira')];https://www.codelikeagirl.com/jobs-board/;Y;
//a[contains(@href, 'position') or contains(@href, 'vaga') or contains(@href, 'job') or contains(@href, 'career') or contains(@href, 'carreira')];https://www.careers-page.com/codeait;Y;
//a[contains(@href, 'position') or contains(@href, 'vaga') or contains(@href, 'job') or contains(@href, 'career') or contains(@href, 'carreira')];https://codesandbox.io/careers;Y;
//a[contains(@href, 'position') or contains(@href, 'vaga') or contains(@href, 'job') or contains(@href, 'career') or contains(@href, 'carreira')];https://www.cloudbees.com/careers;Y;
//a[contains(@href, 'position') or contains(@href, 'vaga') or contains(@href, 'job') or contains(@href, 'career') or contains(@href, 'carreira')];https://cofense.com/about/careers;Y;
//a[contains(@href, 'position') or contains(@href, 'vaga') or contains(@href, 'job') or contains(@href, 'career') or contains(@href, 'carreira')];https://coingape.com/careers/;Y;
//a[contains(@href, 'position') or contains(@href, 'vaga') or contains(@href, 'job') or contains(@href, 'career') or contains(@href, 'carreira')];https://coingape.com/u-s-jobless-claims-come-in-below-expectations-bitcoin-climbs/;Y;
//a[contains(@href, 'position') or contains(@href, 'vaga') or contains(@href, 'job') or contains(@href, 'career') or contains(@href, 'carreira')];https://coingape.com/fed-rate-cut-odds-drop-after-bls-jobs-report-cancellation/;Y;
//a[contains(@href, 'position') or contains(@href, 'vaga') or contains(@href, 'job') or contains(@href, 'career') or contains(@href, 'carreira')];https://www.collabora.com/careers.html;Y;
//a[contains(@href, 'position') or contains(@href, 'vaga') or contains(@href, 'job') or contains(@href, 'career') or contains(@href, 'carreira')];https://consensys.io/careers;Y;
//a[contains(@href, 'position') or contains(@href, 'vaga') or contains(@href, 'job') or contains(@href, 'career') or contains(@href, 'carreira')];https://www.consumerfinance.gov/about-us/careers/;Y;
//a[contains(@href, 'position') or contains(@href, 'vaga') or contains(@href, 'job') or contains(@href, 'career') or contains(@href, 'carreira')];https://www.consumerfinance.gov/rules-policy/notice-opportunities-comment/;Y;
//a[contains(@href, 'position') or contains(@href, 'vaga') or contains(@href, 'job') or contains(@href, 'career') or contains(@href, 'carreira')];https://www.continu.com/careers;Y;
//a[contains(@href, 'position') or contains(@href, 'vaga') or contains(@href, 'job') or contains(@href, 'career') or contains(@href, 'carreira')];https://conversio.com/careers-culture/;Y;
//a[contains(@href, 'position') or contains(@href, 'vaga') or contains(@href, 'job') or contains(@href, 'career') or contains(@href, 'carreira')];https://conversio.com/the-missed-opportunity-why-change-deserves-a-test/;Y;
//a[contains(@href, 'position') or contains(@href, 'vaga') or contains(@href, 'job') or contains(@href, 'career') or contains(@href, 'carreira')];https://www.convert.com/jobs/;Y;
//a[contains(@href, 'position') or contains(@href, 'vaga') or contains(@href, 'job') or contains(@href, 'career') or contains(@href, 'carreira')];https://coodesh.com/jobs;Y;
//a[contains(@href, 'position') or contains(@href, 'vaga') or contains(@href, 'job') or contains(@href, 'career') or contains(@href, 'carreira')];https://momentivesoftware.com/careers/;Y;
//a[contains(@href, 'position') or contains(@href, 'vaga') or contains(@href, 'job') or contains(@href, 'career') or contains(@href, 'carreira')];https://momentivesoftware.com/solutions/career-centers-software/;Y;
//a[contains(@href, 'position') or contains(@href, 'vaga') or contains(@href, 'job') or contains(@href, 'career') or contains(@href, 'carreira')];https://www.redhat.com/en/jobs;Y;
//a[contains(@href, 'position') or contains(@href, 'vaga') or contains(@href, 'job') or contains(@href, 'career') or contains(@href, 'carreira')];https://sso.redhat.com/auth/realms/redhat-external/protocol/openid-connect/auth?client_id=rhcom&redirect_uri=https%3A%2F%2Fwww.redhat.com%2Fen%2Ftechnologies%2Fcloud-computing%2Fopenshift&response_type=code&scope=openid+profile_level.rh_events+id.email+id.idp+id.job.title+id.job.department+id.name+id.organization+id.sub+id.username+roles+profile+api.graphql+api.console+api.ask_red_hat&state=98a2e9da571944dd98444f4ddc2aef28&code_challenge=dAYvUblh_VFsqzlayfApSsiXlNxKvelsG5o_3LC2OLM&code_challenge_method=S256;Y;
//a[contains(@href, 'position') or contains(@href, 'vaga') or contains(@href, 'job') or contains(@href, 'career') or contains(@href, 'carreira')];https://corgibytes.com/careers/;Y;
//a[contains(@href, 'position') or contains(@href, 'vaga') or contains(@href, 'job') or contains(@href, 'career') or contains(@href, 'carreira')];https://careers.coursera.com/;Y;
//a[contains(@href, 'position') or contains(@href, 'vaga') or contains(@href, 'job') or contains(@href, 'career') or contains(@href, 'carreira')];https://www.coursera.org/resources/career-quiz;Y;
//a[contains(@href, 'position') or contains(@href, 'vaga') or contains(@href, 'job') or contains(@href, 'career') or contains(@href, 'carreira')];https://www.coursera.org/career-academy;Y;
//a[contains(@href, 'position') or contains(@href, 'vaga') or contains(@href, 'job') or contains(@href, 'career') or contains(@href, 'carreira')];https://www.coursera.org/articles/signs-you-will-get-the-job-after-interview;Y;
//a[contains(@href, 'position') or contains(@href, 'vaga') or contains(@href, 'job') or contains(@href, 'career') or contains(@href, 'carreira')];https://www.coursera.org/google-career-certificates;Y;
//a[contains(@href, 'position') or contains(@href, 'vaga') or contains(@href, 'job') or contains(@href, 'career') or contains(@href, 'carreira')];https://www.crowdstrike.com/en-us/careers/;Y;
//a[contains(@href, 'position') or contains(@href, 'vaga') or contains(@href, 'job') or contains(@href, 'career') or contains(@href, 'carreira')];https://cueup.io/jobs;Y;
//a[contains(@href, 'position') or contains(@href, 'vaga') or contains(@href, 'job') or contains(@href, 'career') or contains(@href, 'carreira')];https://customer.io/careers;Y;
//a[contains(@href, 'position') or contains(@href, 'vaga') or contains(@href, 'job') or contains(@href, 'career') or contains(@href, 'carreira')];https://cuvette.tech/jobs/;Y;
//a[contains(@href, 'position') or contains(@href, 'vaga') or contains(@href, 'job') or contains(@href, 'career') or contains(@href, 'carreira')];https://t.me/fresher_tech_job;Y;
//a[contains(@href, 'position') or contains(@href, 'vaga') or contains(@href, 'job') or contains(@href, 'career') or contains(@href, 'carreira')];https://cuvette.tech/placement-and-job-guarantee-courses/;Y;
//a[contains(@href, 'position') or contains(@href, 'vaga') or contains(@href, 'job') or contains(@href, 'career') or contains(@href, 'carreira')];https://cuvette.tech/jobs/other-jobs/;Y;
//a[contains(@href, 'position') or contains(@href, 'vaga') or contains(@href, 'job') or contains(@href, 'career') or contains(@href, 'carreira')];https://cuvette.tech/jobs/internships/;Y;
//a[contains(@href, 'position') or contains(@href, 'vaga') or contains(@href, 'job') or contains(@href, 'career') or contains(@href, 'carreira')];https://cuvette.tech/job-oriented-courses/;Y;
//a[contains(@href, 'position') or contains(@href, 'vaga') or contains(@href, 'job') or contains(@href, 'career') or contains(@href, 'carreira')];https://jobs.cvshealth.com/us/en/careerareas;Y;
//a[contains(@href, 'position') or contains(@href, 'vaga') or contains(@href, 'job') or contains(@href, 'career') or contains(@href, 'carreira')];https://jobs.cvshealth.com/us/en/life;Y;
//a[contains(@href, 'position') or contains(@href, 'vaga') or contains(@href, 'job') or contains(@href, 'career') or contains(@href, 'carreira')];https://jobs.cvshealth.com/us/en/jointalentcommunity;Y;
//a[contains(@href, 'position') or contains(@href, 'vaga') or contains(@href, 'job') or contains(@href, 'career') or contains(@href, 'carreira')];https://www.facebook.com/CVSCareers/;Y;
//a[contains(@href, 'position') or contains(@href, 'vaga') or contains(@href, 'job') or contains(@href, 'career') or contains(@href, 'carreira')];https://jobs.cvshealth.com/us/en/hiring-process;Y;
//a[contains(@href, 'position') or contains(@href, 'vaga') or contains(@href, 'job') or contains(@href, 'career') or contains(@href, 'carreira')];https://jobs.cvshealth.com/us/en/search-results;Y;
//a[contains(@href, 'position') or contains(@href, 'vaga') or contains(@href, 'job') or contains(@href, 'career') or contains(@href, 'carreira')];https://jobs.cvshealth.com/us/en/events;Y;
//a[contains(@href, 'position') or contains(@href, 'vaga') or contains(@href, 'job') or contains(@href, 'career') or contains(@href, 'carreira')];https://cdn.phenompeople.com/CareerConnectResources/CVSCHLUS/documents/EEOC_KnowYourRights_screen_reader_10_20-1715835527320-1750776283673.pdf;Y;
//a[contains(@href, 'position') or contains(@href, 'vaga') or contains(@href, 'job') or contains(@href, 'career') or contains(@href, 'carreira')];https://www.linkedin.com/showcase/cvs-health-careers;Y;
//a[contains(@href, 'position') or contains(@href, 'vaga') or contains(@href, 'job') or contains(@href, 'career') or contains(@href, 'carreira')];https://www.instagram.com/cvscareers;Y;
//a[contains(@href, 'position') or contains(@href, 'vaga') or contains(@href, 'job') or contains(@href, 'career') or contains(@href, 'carreira')];https://jobs.cvshealth.com/us/en/home;Y;
//a[contains(@href, 'position') or contains(@href, 'vaga') or contains(@href, 'job') or contains(@href, 'career') or contains(@href, 'carreira')];https://jobs.cvshealth.com/us/en/blog;Y;
//a[contains(@href, 'position') or contains(@href, 'vaga') or contains(@href, 'job') or contains(@href, 'career') or contains(@href, 'carreira')];https://cdn.phenompeople.com/CareerConnectResources/CVSCHLUS/documents/2025-CVS-EEO-Statement_wet-signature-1757513868342.pdf;Y;
//a[contains(@href, 'position') or contains(@href, 'vaga') or contains(@href, 'job') or contains(@href, 'career') or contains(@href, 'carreira')];https://jobs.cvshealth.com/us/search-results;Y;
//a[contains(@href, 'position') or contains(@href, 'vaga') or contains(@href, 'job') or contains(@href, 'career') or contains(@href, 'carreira')];https://jobs.cvshealth.com/us/en/ftw-jobs;Y;
//a[contains(@href, 'position') or contains(@href, 'vaga') or contains(@href, 'job') or contains(@href, 'career') or contains(@href, 'carreira')];https://www.tiktok.com/@cvscareers;N;
//a[contains(@href, 'position') or contains(@href, 'vaga') or contains(@href, 'job') or contains(@href, 'career') or contains(@href, 'carreira')];https://jobs.cvshealth.com/us/en/who-we-are;Y;
//a[contains(@href, 'position') or contains(@href, 'vaga') or contains(@href, 'job') or contains(@href, 'career') or contains(@href, 'carreira')];https://jobs.cvshealth.com/us/en#skipToMainContent;Y;
//a[contains(@href, 'position') or contains(@href, 'vaga') or contains(@href, 'job') or contains(@href, 'career') or contains(@href, 'carreira')];https://dsbrigade.com/careers;Y;
//a[contains(@href, 'position') or contains(@href, 'vaga') or contains(@href, 'job') or contains(@href, 'career') or contains(@href, 'carreira')];https://datasciencedojo.com/about/careers/;Y;
//a[contains(@href, 'position') or contains(@href, 'vaga') or contains(@href, 'job') or contains(@href, 'career') or contains(@href, 'carreira')];https://datasciencedojo.com/community/job-board/;Y;
//a[contains(@href, 'position') or contains(@href, 'vaga') or contains(@href, 'job') or contains(@href, 'career') or contains(@href, 'carreira')];https://www.datadoghq.com/product/data-jobs-monitoring/;Y;
//a[contains(@href, 'position') or contains(@href, 'vaga') or contains(@href, 'job') or contains(@href, 'career') or contains(@href, 'carreira')];https://careers.datadoghq.com/;Y;
//a[contains(@href, 'position') or contains(@href, 'vaga') or contains(@href, 'job') or contains(@href, 'career') or contains(@href, 'carreira')];https://delighted.com/jobs;Y;
//a[contains(@href, 'position') or contains(@href, 'vaga') or contains(@href, 'job') or contains(@href, 'career') or contains(@href, 'carreira')];https://jobs.deskpass.com/;Y;
//a[contains(@href, 'position') or contains(@href, 'vaga') or contains(@href, 'job') or contains(@href, 'career') or contains(@href, 'carreira')];https://www.digitalocean.com/careers;Y;
//a[contains(@href, 'position') or contains(@href, 'vaga') or contains(@href, 'job') or contains(@href, 'career') or contains(@href, 'carreira')];https://discord.com/careers;Y;
//a[contains(@href, 'position') or contains(@href, 'vaga') or contains(@href, 'job') or contains(@href, 'career') or contains(@href, 'carreira')];https://www.discourse.org/jobs;Y;
//a[contains(@href, 'position') or contains(@href, 'vaga') or contains(@href, 'job') or contains(@href, 'career') or contains(@href, 'carreira')];https://dnsimple.com/jobs;Y;
//a[contains(@href, 'position') or contains(@href, 'vaga') or contains(@href, 'job') or contains(@href, 'career') or contains(@href, 'carreira')];https://www.docker.com/careers/;Y;
//a[contains(@href, 'position') or contains(@href, 'vaga') or contains(@href, 'job') or contains(@href, 'career') or contains(@href, 'carreira')];https://doist.com/careers;Y;
//a[contains(@href, 'position') or contains(@href, 'vaga') or contains(@href, 'job') or contains(@href, 'career') or contains(@href, 'carreira')];https://jobs.dropbox.com/;Y;
//a[contains(@href, 'position') or contains(@href, 'vaga') or contains(@href, 'job') or contains(@href, 'career') or contains(@href, 'carreira')];https://eatstreet.com/careers;Y;
//a[contains(@href, 'position') or contains(@href, 'vaga') or contains(@href, 'job') or contains(@href, 'career') or contains(@href, 'carreira')];https://about.ebsco.com/careers;Y;
//a[contains(@href, 'position') or contains(@href, 'vaga') or contains(@href, 'job') or contains(@href, 'career') or contains(@href, 'carreira')];https://meetedgar.com/careers;Y;
//a[contains(@href, 'position') or contains(@href, 'vaga') or contains(@href, 'job') or contains(@href, 'career') or contains(@href, 'carreira')];https://edify.cr/careers/life-as-an-edifyer;Y;
//a[contains(@href, 'position') or contains(@href, 'vaga') or contains(@href, 'job') or contains(@href, 'career') or contains(@href, 'carreira')];https://edify.cr/careers/open-positions;Y;
//a[contains(@href, 'position') or contains(@href, 'vaga') or contains(@href, 'job') or contains(@href, 'career') or contains(@href, 'carreira')];https://www.elastic.co/careers;Y;
//a[contains(@href, 'position') or contains(@href, 'vaga') or contains(@href, 'job') or contains(@href, 'career') or contains(@href, 'carreira')];https://jobs.elastic.co/#/;Y;
//a[contains(@href, 'position') or contains(@href, 'vaga') or contains(@href, 'job') or contains(@href, 'career') or contains(@href, 'carreira')];https://www.elastic.co/careers/how-we-hire;Y;
//a[contains(@href, 'position') or contains(@href, 'vaga') or contains(@href, 'job') or contains(@href, 'career') or contains(@href, 'carreira')];https://www.emsisoft.com/en/careers/;Y;
//a[contains(@href, 'position') or contains(@href, 'vaga') or contains(@href, 'job') or contains(@href, 'career') or contains(@href, 'carreira')];https://www.envato.com/careers/;Y;
//a[contains(@href, 'position') or contains(@href, 'vaga') or contains(@href, 'job') or contains(@href, 'career') or contains(@href, 'carreira')];https://envoy.com/jobs;Y;
//a[contains(@href, 'position') or contains(@href, 'vaga') or contains(@href, 'job') or contains(@href, 'career') or contains(@href, 'carreira')];https://www.epicgames.com/site/en-US/careers/jobs;Y;
//a[contains(@href, 'position') or contains(@href, 'vaga') or contains(@href, 'job') or contains(@href, 'career') or contains(@href, 'carreira')];https://www.epicgames.com/site/en-US/careers/jobs?department=Art%20%26%20Animation&page=1;Y;
//a[contains(@href, 'position') or contains(@href, 'vaga') or contains(@href, 'job') or contains(@href, 'career') or contains(@href, 'carreira')];https://www.epicgames.com/site/en-US/careers/jobs?department=Data%20%26%20Analytics%2BEngineering%2BQuality%20Assurance%20%26%20Test&page=1;Y;
//a[contains(@href, 'position') or contains(@href, 'vaga') or contains(@href, 'job') or contains(@href, 'career') or contains(@href, 'carreira')];https://www.epicgames.com/site/en-US/careers/jobs?department=Audio%20%26%20Design&page=1;Y;
//a[contains(@href, 'position') or contains(@href, 'vaga') or contains(@href, 'job') or contains(@href, 'career') or contains(@href, 'carreira')];https://www.epicgames.com/site/en-US/careers/jobs?department=Business%20Development%20%26%20Sales%2BCustomer%20Success%2BExecutive%2BFacilities%20%26%20Administration%2BFinance%2C%20Accounting%2C%20%26%20Strategy%2BIT%2BLegal%2BPeople%2BSecurity&page=1;Y;
//a[contains(@href, 'position') or contains(@href, 'vaga') or contains(@href, 'job') or contains(@href, 'career') or contains(@href, 'carreira')];https://www.epicgames.com/site/en-US/careers/jobs?department=Marketing%2C%20Publishing%2C%20%26%20Communications&page=1;Y;
//a[contains(@href, 'position') or contains(@href, 'vaga') or contains(@href, 'job') or contains(@href, 'career') or contains(@href, 'carreira')];https://www.epicgames.com/site/en-US/careers/jobs?department=Product%20Management%2BProduct%20Operations%2BProduction&page=1;Y;
//a[contains(@href, 'position') or contains(@href, 'vaga') or contains(@href, 'job') or contains(@href, 'career') or contains(@href, 'carreira')];https://www.equalexperts.com/current-opportunities/;Y;
//a[contains(@href, 'position') or contains(@href, 'vaga') or contains(@href, 'job') or contains(@href, 'career') or contains(@href, 'carreira')];https://www.ergeon.com/careers/;Y;
//a[contains(@href, 'position') or contains(@href, 'vaga') or contains(@href, 'job') or contains(@href, 'career') or contains(@href, 'carreira')];https://etch.co/jobs;Y;
//a[contains(@href, 'position') or contains(@href, 'vaga') or contains(@href, 'job') or contains(@href, 'career') or contains(@href, 'carreira')];https://evelo.com/pages/careers;Y;
//a[contains(@href, 'position') or contains(@href, 'vaga') or contains(@href, 'job') or contains(@href, 'career') or contains(@href, 'carreira')];https://jobs.evrone.com/;Y;
//a[contains(@href, 'position') or contains(@href, 'vaga') or contains(@href, 'job') or contains(@href, 'career') or contains(@href, 'carreira')];https://eyeo.com/careers;Y;
//a[contains(@href, 'position') or contains(@href, 'vaga') or contains(@href, 'job') or contains(@href, 'career') or contains(@href, 'carreira')];https://faithlife.com/careers;Y;
//a[contains(@href, 'position') or contains(@href, 'vaga') or contains(@href, 'job') or contains(@href, 'career') or contains(@href, 'carreira')];https://www.fastly.com/about/careers;Y;
//a[contains(@href, 'position') or contains(@href, 'vaga') or contains(@href, 'job') or contains(@href, 'career') or contains(@href, 'carreira')];https://maropost.com/careers/?hsLang=en;Y;
//a[contains(@href, 'position') or contains(@href, 'vaga') or contains(@href, 'job') or contains(@href, 'career') or contains(@href, 'carreira')];https://fingerprint.com/careers/;Y;
//a[contains(@href, 'position') or contains(@href, 'vaga') or contains(@href, 'job') or contains(@href, 'career') or contains(@href, 'carreira')];https://www.carnegiehighered.com/careers/;Y;
//a[contains(@href, 'position') or contains(@href, 'vaga') or contains(@href, 'job') or contains(@href, 'career') or contains(@href, 'carreira')];https://www.carnegiehighered.com/about/careers/;Y;
//a[contains(@href, 'position') or contains(@href, 'vaga') or contains(@href, 'job') or contains(@href, 'career') or contains(@href, 'carreira')];https://www.flexera.com/about-us/careers;Y;
//a[contains(@href, 'position') or contains(@href, 'vaga') or contains(@href, 'job') or contains(@href, 'career') or contains(@href, 'carreira')];https://www.flightaware.com/about/careers/;Y;
//a[contains(@href, 'position') or contains(@href, 'vaga') or contains(@href, 'job') or contains(@href, 'career') or contains(@href, 'carreira')];https://fly.io/jobs/;Y;
//a[contains(@href, 'position') or contains(@href, 'vaga') or contains(@href, 'job') or contains(@href, 'career') or contains(@href, 'carreira')];https://www.gofmx.com/careers/;Y;
//a[contains(@href, 'position') or contains(@href, 'vaga') or contains(@href, 'job') or contains(@href, 'career') or contains(@href, 'carreira')];https://fohandboh.com/source-candidate/#careerpage;Y;
//a[contains(@href, 'position') or contains(@href, 'vaga') or contains(@href, 'job') or contains(@href, 'career') or contains(@href, 'carreira')];https://fohandboh.com/source-candidate/#jobboards;Y;
//a[contains(@href, 'position') or contains(@href, 'vaga') or contains(@href, 'job') or contains(@href, 'career') or contains(@href, 'carreira')];https://nearform.com/careers/;Y;
//a[contains(@href, 'position') or contains(@href, 'vaga') or contains(@href, 'job') or contains(@href, 'career') or contains(@href, 'carreira')];https://www.intellistack.com/careers;Y;
//a[contains(@href, 'position') or contains(@href, 'vaga') or contains(@href, 'job') or contains(@href, 'career') or contains(@href, 'carreira')];https://fuelmade.com/pages/jobs;Y;
//a[contains(@href, 'position') or contains(@href, 'vaga') or contains(@href, 'job') or contains(@href, 'career') or contains(@href, 'carreira')];https://www.fullfabric.com/company/careers;Y;
//a[contains(@href, 'position') or contains(@href, 'vaga') or contains(@href, 'job') or contains(@href, 'career') or contains(@href, 'carreira')];https://www.functionize.com/careers;Y;
//a[contains(@href, 'position') or contains(@href, 'vaga') or contains(@href, 'job') or contains(@href, 'career') or contains(@href, 'carreira')];https://www.geckoboard.com/about/careers/;Y;
//a[contains(@href, 'position') or contains(@href, 'vaga') or contains(@href, 'job') or contains(@href, 'career') or contains(@href, 'carreira')];https://geo-jobe.com/professional-services/data-science/;Y;
//a[contains(@href, 'position') or contains(@href, 'vaga') or contains(@href, 'job') or contains(@href, 'career') or contains(@href, 'carreira')];https://geo-jobe.com/unleashing-the-power-of-rust-in-gis-development/;Y;
//a[contains(@href, 'position') or contains(@href, 'vaga') or contains(@href, 'job') or contains(@href, 'career') or contains(@href, 'carreira')];,http://instagram.com/geojobegis;Y;
//a[contains(@href, 'position') or contains(@href, 'vaga') or contains(@href, 'job') or contains(@href, 'career') or contains(@href, 'carreira')];https://geo-jobe.com/products/;Y;
//a[contains(@href, 'position') or contains(@href, 'vaga') or contains(@href, 'job') or contains(@href, 'career') or contains(@href, 'carreira')];https://geo-jobe.com/resource-center/sole-source/;Y;
//a[contains(@href, 'position') or contains(@href, 'vaga') or contains(@href, 'job') or contains(@href, 'career') or contains(@href, 'carreira')];https://geo-jobe.com/professional-services;Y;
//a[contains(@href, 'position') or contains(@href, 'vaga') or contains(@href, 'job') or contains(@href, 'career') or contains(@href, 'carreira')];https://geo-jobe.com/;Y;
//a[contains(@href, 'position') or contains(@href, 'vaga') or contains(@href, 'job') or contains(@href, 'career') or contains(@href, 'carreira')];https://geo-jobe.com/professional-services/gis-services/;Y;
//a[contains(@href, 'position') or contains(@href, 'vaga') or contains(@href, 'job') or contains(@href, 'career') or contains(@href, 'carreira')];https://geo-jobe.com/admin-tools-for-arcgis-2-3-1-out-now/;Y;
//a[contains(@href, 'position') or contains(@href, 'vaga') or contains(@href, 'job') or contains(@href, 'career') or contains(@href, 'carreira')];https://geo-jobe.com/arcgis-pro-critical-considerations-for-storing-your-data/;Y;
//a[contains(@href, 'position') or contains(@href, 'vaga') or contains(@href, 'job') or contains(@href, 'career') or contains(@href, 'carreira')];https://geo-jobe.com/resource-center/security-compliance-and-trust/;Y;
//a[contains(@href, 'position') or contains(@href, 'vaga') or contains(@href, 'job') or contains(@href, 'career') or contains(@href, 'carreira')];https://geo-jobe.atlassian.net/wiki/spaces/GJKBASE/overview;Y;
//a[contains(@href, 'position') or contains(@href, 'vaga') or contains(@href, 'job') or contains(@href, 'career') or contains(@href, 'carreira')];https://geo-jobe.com/resource-center/gsa/;Y;
//a[contains(@href, 'position') or contains(@href, 'vaga') or contains(@href, 'job') or contains(@href, 'career') or contains(@href, 'carreira')];https://geo-jobe.com/esri-uc-2025-what-to-expect-from-the-worlds-largest-gis-conference/;Y;
//a[contains(@href, 'position') or contains(@href, 'vaga') or contains(@href, 'job') or contains(@href, 'career') or contains(@href, 'carreira')];https://geo-jobe.com/25-years-of-geo-jobe-partnerships-matter/;Y;
//a[contains(@href, 'position') or contains(@href, 'vaga') or contains(@href, 'job') or contains(@href, 'career') or contains(@href, 'carreira')];https://geo-jobe.com/blog/;Y;
//a[contains(@href, 'position') or contains(@href, 'vaga') or contains(@href, 'job') or contains(@href, 'career') or contains(@href, 'carreira')];https://geo-jobe.com/professional-services/uav-services/;Y;
//a[contains(@href, 'position') or contains(@href, 'vaga') or contains(@href, 'job') or contains(@href, 'career') or contains(@href, 'carreira')];https://geo-jobe.com/backup-my-org-v1-4-1-is-now-available/;Y;
//a[contains(@href, 'position') or contains(@href, 'vaga') or contains(@href, 'job') or contains(@href, 'career') or contains(@href, 'carreira')];https://geo-jobe.com/turning-server-logs-into-insights-proactive-arcgis-management/;Y;
//a[contains(@href, 'position') or contains(@href, 'vaga') or contains(@href, 'job') or contains(@href, 'career') or contains(@href, 'carreira')];https://geo-jobe.com/products/backup-my-org/;Y;
//a[contains(@href, 'position') or contains(@href, 'vaga') or contains(@href, 'job') or contains(@href, 'career') or contains(@href, 'carreira')];https://geo-jobe.com/25-years-of-geo-jobe-on-the-edge-of-gis-innovation/;Y;
//a[contains(@href, 'position') or contains(@href, 'vaga') or contains(@href, 'job') or contains(@href, 'career') or contains(@href, 'carreira')];https://geo-jobe.com/about-us/contact-us/;Y;
//a[contains(@href, 'position') or contains(@href, 'vaga') or contains(@href, 'job') or contains(@href, 'career') or contains(@href, 'carreira')];https://geo-jobe.com/25-years-of-geo-jobe-talking-tech/;Y;
//a[contains(@href, 'position') or contains(@href, 'vaga') or contains(@href, 'job') or contains(@href, 'career') or contains(@href, 'carreira')];https://geo-jobe.com/resource-center/;Y;
//a[contains(@href, 'position') or contains(@href, 'vaga') or contains(@href, 'job') or contains(@href, 'career') or contains(@href, 'carreira')];https://geo-jobe.com/products/clean-my-org/;Y;
//a[contains(@href, 'position') or contains(@href, 'vaga') or contains(@href, 'job') or contains(@href, 'career') or contains(@href, 'carreira')];https://twitter.com/geojobegis;Y;
//a[contains(@href, 'position') or contains(@href, 'vaga') or contains(@href, 'job') or contains(@href, 'career') or contains(@href, 'carreira')];https://geo-jobe.com/professional-services/uav-drone/;Y;
//a[contains(@href, 'position') or contains(@href, 'vaga') or contains(@href, 'job') or contains(@href, 'career') or contains(@href, 'carreira')];https://geo-jobe.com/professional-services/;Y;
//a[contains(@href, 'position') or contains(@href, 'vaga') or contains(@href, 'job') or contains(@href, 'career') or contains(@href, 'carreira')];https://geo-jobe.com/products;Y;
//a[contains(@href, 'position') or contains(@href, 'vaga') or contains(@href, 'job') or contains(@href, 'career') or contains(@href, 'carreira')];https://geo-jobe.com/professional-services/software-services/;Y;
//a[contains(@href, 'position') or contains(@href, 'vaga') or contains(@href, 'job') or contains(@href, 'career') or contains(@href, 'carreira')];https://geo-jobe.com/5-tips-to-take-your-arcgis-dashboards-to-the-next-level/;Y;
//a[contains(@href, 'position') or contains(@href, 'vaga') or contains(@href, 'job') or contains(@href, 'career') or contains(@href, 'carreira')];https://www.facebook.com/geojobe;Y;
//a[contains(@href, 'position') or contains(@href, 'vaga') or contains(@href, 'job') or contains(@href, 'career') or contains(@href, 'carreira')];https://www.youtube.com/user/geojobe;Y;
//a[contains(@href, 'position') or contains(@href, 'vaga') or contains(@href, 'job') or contains(@href, 'career') or contains(@href, 'carreira')];https://geo-jobe.com/support/;Y;
//a[contains(@href, 'position') or contains(@href, 'vaga') or contains(@href, 'job') or contains(@href, 'career') or contains(@href, 'carreira')];https://geo-jobe.com/about-us/community-impact-2/;Y;
//a[contains(@href, 'position') or contains(@href, 'vaga') or contains(@href, 'job') or contains(@href, 'career') or contains(@href, 'carreira')];https://geo-jobe.com/products/symphony-for-arcgis/;Y;
//a[contains(@href, 'position') or contains(@href, 'vaga') or contains(@href, 'job') or contains(@href, 'career') or contains(@href, 'carreira')];https://geo-jobe.com/about-us/partnerships/;Y;
//a[contains(@href, 'position') or contains(@href, 'vaga') or contains(@href, 'job') or contains(@href, 'career') or contains(@href, 'carreira')];https://geo-jobe.com/resource-center/vendor-registration-faq/;Y;
//a[contains(@href, 'position') or contains(@href, 'vaga') or contains(@href, 'job') or contains(@href, 'career') or contains(@href, 'carreira')];https://geo-jobe.com/about-us/our-clients/;Y;
//a[contains(@href, 'position') or contains(@href, 'vaga') or contains(@href, 'job') or contains(@href, 'career') or contains(@href, 'carreira')];https://geo-jobe.com/25-years-of-geo-jobe-mapthis/;Y;
//a[contains(@href, 'position') or contains(@href, 'vaga') or contains(@href, 'job') or contains(@href, 'career') or contains(@href, 'carreira')];https://geo-jobe.com/#;Y;
//a[contains(@href, 'position') or contains(@href, 'vaga') or contains(@href, 'job') or contains(@href, 'career') or contains(@href, 'carreira')];https://geo-jobe.com/professional-services/custom-software-development/;Y;
//a[contains(@href, 'position') or contains(@href, 'vaga') or contains(@href, 'job') or contains(@href, 'career') or contains(@href, 'carreira')];https://geo-jobe.com/products/admin-tools-for-arcgis/;Y;
//a[contains(@href, 'position') or contains(@href, 'vaga') or contains(@href, 'job') or contains(@href, 'career') or contains(@href, 'carreira')];https://geo-jobe.com/support;Y;
//a[contains(@href, 'position') or contains(@href, 'vaga') or contains(@href, 'job') or contains(@href, 'career') or contains(@href, 'carreira')];https://geo-jobe.com/about-us/;Y;
//a[contains(@href, 'position') or contains(@href, 'vaga') or contains(@href, 'job') or contains(@href, 'career') or contains(@href, 'carreira')];https://geo-jobe.com/25-years-of-geo-jobe-whats-important/;Y;
//a[contains(@href, 'position') or contains(@href, 'vaga') or contains(@href, 'job') or contains(@href, 'career') or contains(@href, 'carreira')];https://geo-jobe.com/about-us/our-history/;Y;
//a[contains(@href, 'position') or contains(@href, 'vaga') or contains(@href, 'job') or contains(@href, 'career') or contains(@href, 'carreira')];https://careers.ghost.org/;Y;
//a[contains(@href, 'position') or contains(@href, 'vaga') or contains(@href, 'job') or contains(@href, 'career') or contains(@href, 'carreira')];https://ghostinspector.com/jobs/;Y;
//a[contains(@href, 'position') or contains(@href, 'vaga') or contains(@href, 'job') or contains(@href, 'career') or contains(@href, 'carreira')];https://www.giantswarm.io/careers;Y;
//a[contains(@href, 'position') or contains(@href, 'vaga') or contains(@href, 'job') or contains(@href, 'career') or contains(@href, 'carreira')];https://about.gitlab.com/jobs/;Y;
//a[contains(@href, 'position') or contains(@href, 'vaga') or contains(@href, 'job') or contains(@href, 'career') or contains(@href, 'carreira')];https://gluware.com/jobs/;Y;
//a[contains(@href, 'position') or contains(@href, 'vaga') or contains(@href, 'job') or contains(@href, 'career') or contains(@href, 'carreira')];https://gojob.com/agence-interim-lyon/;Y;
//a[contains(@href, 'position') or contains(@href, 'vaga') or contains(@href, 'job') or contains(@href, 'career') or contains(@href, 'carreira')];https://gojob.com/agence-interim-marseille/;Y;
//a[contains(@href, 'position') or contains(@href, 'vaga') or contains(@href, 'job') or contains(@href, 'career') or contains(@href, 'carreira')];https://my.gojob.com/;Y;
//a[contains(@href, 'position') or contains(@href, 'vaga') or contains(@href, 'job') or contains(@href, 'career') or contains(@href, 'carreira')];https://app.gojob.com/fr-FR;Y;
//a[contains(@href, 'position') or contains(@href, 'vaga') or contains(@href, 'job') or contains(@href, 'career') or contains(@href, 'carreira')];https://www.instagram.com/gojob_live/;Y;
//a[contains(@href, 'position') or contains(@href, 'vaga') or contains(@href, 'job') or contains(@href, 'career') or contains(@href, 'carreira')];https://gojob.com/nos-conseils/conditions-de-travail/;Y;
//a[contains(@href, 'position') or contains(@href, 'vaga') or contains(@href, 'job') or contains(@href, 'career') or contains(@href, 'carreira')];https://app.gojob.com/fr-FR?query=Op%C3%A9rateur+de+fabrication%2C+Technicien+de+maintenance%2C+Monteur-c%C3%A2bleur&label=&placeId=&radius=;Y;
//a[contains(@href, 'position') or contains(@href, 'vaga') or contains(@href, 'job') or contains(@href, 'career') or contains(@href, 'carreira')];https://gojob.com/medias/;Y;
//a[contains(@href, 'position') or contains(@href, 'vaga') or contains(@href, 'job') or contains(@href, 'career') or contains(@href, 'carreira')];https://gojob.com/mon-cash/;Y;
//a[contains(@href, 'position') or contains(@href, 'vaga') or contains(@href, 'job') or contains(@href, 'career') or contains(@href, 'carreira')];https://app.gojob.com/fr-FR?query=Assistant+bilingue%2C+Assistant+ADV%2C+Assistant+de+direction&label=&placeId=&radius=;Y;
//a[contains(@href, 'position') or contains(@href, 'vaga') or contains(@href, 'job') or contains(@href, 'career') or contains(@href, 'carreira')];https://gojob.com/agence-interim-nice/;Y;
//a[contains(@href, 'position') or contains(@href, 'vaga') or contains(@href, 'job') or contains(@href, 'career') or contains(@href, 'carreira')];https://app.gojob.com/fr-FR?query=Manoeuvre%2C+Conducteur+d%27engins%2C+Ma%C3%A7on&label=&placeId=&radius=;Y;
//a[contains(@href, 'position') or contains(@href, 'vaga') or contains(@href, 'job') or contains(@href, 'career') or contains(@href, 'carreira')];https://gojob.com/agence-interim-nantes/;Y;
//a[contains(@href, 'position') or contains(@href, 'vaga') or contains(@href, 'job') or contains(@href, 'career') or contains(@href, 'carreira')];https://gojob.com/agence-interim-caen/;Y;
//a[contains(@href, 'position') or contains(@href, 'vaga') or contains(@href, 'job') or contains(@href, 'career') or contains(@href, 'carreira')];https://gojob.com/nos-conseils/emploi/;Y;
//a[contains(@href, 'position') or contains(@href, 'vaga') or contains(@href, 'job') or contains(@href, 'career') or contains(@href, 'carreira')];https://gojob.com/nos-conseils/avantages-interim/;Y;
//a[contains(@href, 'position') or contains(@href, 'vaga') or contains(@href, 'job') or contains(@href, 'career') or contains(@href, 'carreira')];https://gojob.com/agence-interim-rennes/;Y;
//a[contains(@href, 'position') or contains(@href, 'vaga') or contains(@href, 'job') or contains(@href, 'career') or contains(@href, 'carreira')];https://ai.gojob.com/;Y;
//a[contains(@href, 'position') or contains(@href, 'vaga') or contains(@href, 'job') or contains(@href, 'career') or contains(@href, 'carreira')];https://gojob.com/mission/;Y;
//a[contains(@href, 'position') or contains(@href, 'vaga') or contains(@href, 'job') or contains(@href, 'career') or contains(@href, 'carreira')];https://gojob.com/agence-interim-bordeaux/;Y;
//a[contains(@href, 'position') or contains(@href, 'vaga') or contains(@href, 'job') or contains(@href, 'career') or contains(@href, 'carreira')];https://gojob.com/politique-de-confidentialite-client/;Y;
//a[contains(@href, 'position') or contains(@href, 'vaga') or contains(@href, 'job') or contains(@href, 'career') or contains(@href, 'carreira')];https://app.gojob.com/fr-FR?query=Pr%C3%A9parateur+de+commandes%2C+Cariste%2C+Manutentionnaire&label=&placeId=&radius=;Y;
//a[contains(@href, 'position') or contains(@href, 'vaga') or contains(@href, 'job') or contains(@href, 'career') or contains(@href, 'carreira')];https://app.gojob.com/fr-FR?query=Conseiller+client%C3%A8le%2C+Vendeur%2C+Employ%C3%A9+de+libre+service&label=&placeId=&radius=;Y;
//a[contains(@href, 'position') or contains(@href, 'vaga') or contains(@href, 'job') or contains(@href, 'career') or contains(@href, 'carreira')];https://gojob.com/agence-interim-le-mans/;Y;
//a[contains(@href, 'position') or contains(@href, 'vaga') or contains(@href, 'job') or contains(@href, 'career') or contains(@href, 'carreira')];https://gojob.com/les-avantages/;Y;
//a[contains(@href, 'position') or contains(@href, 'vaga') or contains(@href, 'job') or contains(@href, 'career') or contains(@href, 'carreira')];https://gojob.com/politique-de-confidentialite-interimaires/;Y;
//a[contains(@href, 'position') or contains(@href, 'vaga') or contains(@href, 'job') or contains(@href, 'career') or contains(@href, 'carreira')];https://gojob.com/nos-conseils/focus-metier/;Y;
//a[contains(@href, 'position') or contains(@href, 'vaga') or contains(@href, 'job') or contains(@href, 'career') or contains(@href, 'carreira')];https://app.gojob.com/fr-FR/profile?open-aglae-care=true;Y;
//a[contains(@href, 'position') or contains(@href, 'vaga') or contains(@href, 'job') or contains(@href, 'career') or contains(@href, 'carreira')];https://gojob.com/agence-interim-toulouse/;Y;
//a[contains(@href, 'position') or contains(@href, 'vaga') or contains(@href, 'job') or contains(@href, 'career') or contains(@href, 'carreira')];https://gojob.com/agence-interim-lille/;Y;
//a[contains(@href, 'position') or contains(@href, 'vaga') or contains(@href, 'job') or contains(@href, 'career') or contains(@href, 'carreira')];https://gojob.com/nos-conseils/salaire/;Y;
//a[contains(@href, 'position') or contains(@href, 'vaga') or contains(@href, 'job') or contains(@href, 'career') or contains(@href, 'carreira')];https://gojob.com/entreprise/;Y;
//a[contains(@href, 'position') or contains(@href, 'vaga') or contains(@href, 'job') or contains(@href, 'career') or contains(@href, 'carreira')];https://app.gojob.com/fr-FR?query=Comptable%2C+Contr%C3%B4leur+de+gestion%2C+Assistant+de+gestion&label=&placeId=&radius=;Y;
//a[contains(@href, 'position') or contains(@href, 'vaga') or contains(@href, 'job') or contains(@href, 'career') or contains(@href, 'carreira')];https://gojob.com/success-story/;Y;
//a[contains(@href, 'position') or contains(@href, 'vaga') or contains(@href, 'job') or contains(@href, 'career') or contains(@href, 'carreira')];https://gojob.com/agence-interim-metz/;Y;
//a[contains(@href, 'position') or contains(@href, 'vaga') or contains(@href, 'job') or contains(@href, 'career') or contains(@href, 'carreira')];https://gojob.com/cgu-cgv/;Y;
//a[contains(@href, 'position') or contains(@href, 'vaga') or contains(@href, 'job') or contains(@href, 'career') or contains(@href, 'carreira')];https://gojob.com/entreprise/gojob-ai-lab/;Y;
//a[contains(@href, 'position') or contains(@href, 'vaga') or contains(@href, 'job') or contains(@href, 'career') or contains(@href, 'carreira')];https://tech.gojob.com/;Y;
//a[contains(@href, 'position') or contains(@href, 'vaga') or contains(@href, 'job') or contains(@href, 'career') or contains(@href, 'carreira')];https://app.gojob.com/;Y;
//a[contains(@href, 'position') or contains(@href, 'vaga') or contains(@href, 'job') or contains(@href, 'career') or contains(@href, 'carreira')];https://storage.googleapis.com/gojob-static/13114243-CERTIFICAT%20KAIROS-%20QUALIOPI%20-%20v1.pdf;Y;
//a[contains(@href, 'position') or contains(@href, 'vaga') or contains(@href, 'job') or contains(@href, 'career') or contains(@href, 'carreira')];https://gojob.com/agence-interim-toulon/;Y;
//a[contains(@href, 'position') or contains(@href, 'vaga') or contains(@href, 'job') or contains(@href, 'career') or contains(@href, 'carreira')];https://gojob.com/agence-interim-montb%C3%A9liard/;Y;
//a[contains(@href, 'position') or contains(@href, 'vaga') or contains(@href, 'job') or contains(@href, 'career') or contains(@href, 'carreira')];https://gojob.com/wearehiring/;Y;
//a[contains(@href, 'position') or contains(@href, 'vaga') or contains(@href, 'job') or contains(@href, 'career') or contains(@href, 'carreira')];https://app.gojob.com/fr-FR?query=Agent+d%27accueil%2C+Op%C3%A9rateur+de+saisie%2C+Charg%C3%A9+SAV&label=&placeId=&radius=;Y;
//a[contains(@href, 'position') or contains(@href, 'vaga') or contains(@href, 'job') or contains(@href, 'career') or contains(@href, 'carreira')];https://gojob.com/;Y;
//a[contains(@href, 'position') or contains(@href, 'vaga') or contains(@href, 'job') or contains(@href, 'career') or contains(@href, 'carreira')];https://gojob.com/agence-interim-nancy/;Y;
//a[contains(@href, 'position') or contains(@href, 'vaga') or contains(@href, 'job') or contains(@href, 'career') or contains(@href, 'carreira')];https://gojob.com/agence-interim-biarritz/;Y;
//a[contains(@href, 'position') or contains(@href, 'vaga') or contains(@href, 'job') or contains(@href, 'career') or contains(@href, 'carreira')];https://gojob.com/#;Y;
//a[contains(@href, 'position') or contains(@href, 'vaga') or contains(@href, 'job') or contains(@href, 'career') or contains(@href, 'carreira')];https://gojob.com/en_us/;Y;
//a[contains(@href, 'position') or contains(@href, 'vaga') or contains(@href, 'job') or contains(@href, 'career') or contains(@href, 'carreira')];https://gojob.com/agence-interim-mulhouse/;Y;
//a[contains(@href, 'position') or contains(@href, 'vaga') or contains(@href, 'job') or contains(@href, 'career') or contains(@href, 'carreira')];https://twitter.com/gojob_official;Y;
//a[contains(@href, 'position') or contains(@href, 'vaga') or contains(@href, 'job') or contains(@href, 'career') or contains(@href, 'carreira')];https://www.facebook.com/gojobcom/;Y;
//a[contains(@href, 'position') or contains(@href, 'vaga') or contains(@href, 'job') or contains(@href, 'career') or contains(@href, 'carreira')];https://www.linkedin.com/company/gojob/;Y;
//a[contains(@href, 'position') or contains(@href, 'vaga') or contains(@href, 'job') or contains(@href, 'career') or contains(@href, 'carreira')];https://gojob.com/nos-conseils/questions-juridiques/;Y;
//a[contains(@href, 'position') or contains(@href, 'vaga') or contains(@href, 'job') or contains(@href, 'career') or contains(@href, 'carreira')];https://app.gojob.com/fr-FR/postings?query=ma%C3%AEtre+d%27h%C3%B4tel%2C+serveur%2C+cuisinier&label=&placeId=&radius=&latitude=&longitude=;Y;
//a[contains(@href, 'position') or contains(@href, 'vaga') or contains(@href, 'job') or contains(@href, 'career') or contains(@href, 'carreira')];https://gojob.com/la-famille-gojob/;Y;
//a[contains(@href, 'position') or contains(@href, 'vaga') or contains(@href, 'job') or contains(@href, 'career') or contains(@href, 'carreira')];https://gojob.com/agence-interim-paris/;Y;
//a[contains(@href, 'position') or contains(@href, 'vaga') or contains(@href, 'job') or contains(@href, 'career') or contains(@href, 'carreira')];https://app.gojob.com/fr-FR?query=Chauffeur+routier%2C+Chauffeur+poids-lourd%2C+Chauffeur+livreur&label=&placeId=&radius=;Y;
//a[contains(@href, 'position') or contains(@href, 'vaga') or contains(@href, 'job') or contains(@href, 'career') or contains(@href, 'carreira')];https://conveyhealthsolutions.com/careers/;Y;
//a[contains(@href, 'position') or contains(@href, 'vaga') or contains(@href, 'job') or contains(@href, 'career') or contains(@href, 'carreira')];https://grafana.com/about/careers/open-positions/;Y;
//a[contains(@href, 'position') or contains(@href, 'vaga') or contains(@href, 'job') or contains(@href, 'career') or contains(@href, 'carreira')];https://grafana.com/about/careers/;Y;
//a[contains(@href, 'position') or contains(@href, 'vaga') or contains(@href, 'job') or contains(@href, 'career') or contains(@href, 'carreira')];https://grafana.com/about/careers/?plcmt=mobile-nav&cta=career;Y;
//a[contains(@href, 'position') or contains(@href, 'vaga') or contains(@href, 'job') or contains(@href, 'career') or contains(@href, 'carreira')];https://granicus.com/careers/;Y;
//a[contains(@href, 'position') or contains(@href, 'vaga') or contains(@href, 'job') or contains(@href, 'career') or contains(@href, 'carreira')];https://graylog.org/careers;Y;
//a[contains(@href, 'position') or contains(@href, 'vaga') or contains(@href, 'job') or contains(@href, 'career') or contains(@href, 'carreira')];https://www.gruntwork.io/careers;Y;
//a[contains(@href, 'position') or contains(@href, 'vaga') or contains(@href, 'job') or contains(@href, 'career') or contains(@href, 'carreira')];https://www.hackreactor.com/resources/navigating-the-software-engineering-career-path/;Y;
//a[contains(@href, 'position') or contains(@href, 'vaga') or contains(@href, 'job') or contains(@href, 'career') or contains(@href, 'carreira')];https://www.hackreactor.com/resources/coding-bootcamps-explore-careers-that-hack-reactor-grads-pursue/;Y;
//a[contains(@href, 'position') or contains(@href, 'vaga') or contains(@href, 'job') or contains(@href, 'career') or contains(@href, 'carreira')];https://www.hackreactor.com/resources/how-our-coding-bootcamps-and-career-support-prepare-you-for-the-tech-job-market/;Y;
//a[contains(@href, 'position') or contains(@href, 'vaga') or contains(@href, 'job') or contains(@href, 'career') or contains(@href, 'carreira')];https://www.hackreactor.com/resources/what-to-expect-from-galvanize-career-services-alumni-community/;Y;
//a[contains(@href, 'position') or contains(@href, 'vaga') or contains(@href, 'job') or contains(@href, 'career') or contains(@href, 'carreira')];https://www.hackreactor.com/resources/how-ai-tools-can-positively-impact-your-software-engineering-career/;Y;
//a[contains(@href, 'position') or contains(@href, 'vaga') or contains(@href, 'job') or contains(@href, 'career') or contains(@href, 'carreira')];https://www.hackreactor.com/learn-to-code/coding-careers/;Y;
//a[contains(@href, 'position') or contains(@href, 'vaga') or contains(@href, 'job') or contains(@href, 'career') or contains(@href, 'carreira')];https://hanzo.co/careers/;Y;
//a[contains(@href, 'position') or contains(@href, 'vaga') or contains(@href, 'job') or contains(@href, 'career') or contains(@href, 'carreira')];https://www.happycog.com/careers;Y;
//a[contains(@href, 'position') or contains(@href, 'vaga') or contains(@href, 'job') or contains(@href, 'career') or contains(@href, 'carreira')];https://www.getharvest.com/careers;Y;
//a[contains(@href, 'position') or contains(@href, 'vaga') or contains(@href, 'job') or contains(@href, 'career') or contains(@href, 'carreira')];https://hashex.org/company/careers/;Y;
//a[contains(@href, 'position') or contains(@href, 'vaga') or contains(@href, 'job') or contains(@href, 'career') or contains(@href, 'carreira')];https://www.headway.io/careers;Y;
//a[contains(@href, 'position') or contains(@href, 'vaga') or contains(@href, 'job') or contains(@href, 'career') or contains(@href, 'carreira')];https://www.healthcatalyst.com/job-openings;Y;
//a[contains(@href, 'position') or contains(@href, 'vaga') or contains(@href, 'job') or contains(@href, 'career') or contains(@href, 'carreira')];https://www.heap.io/careers;Y;
//a[contains(@href, 'position') or contains(@href, 'vaga') or contains(@href, 'job') or contains(@href, 'career') or contains(@href, 'carreira')];https://heetch.com/en/jobs;Y;
//a[contains(@href, 'position') or contains(@href, 'vaga') or contains(@href, 'job') or contains(@href, 'career') or contains(@href, 'carreira')];https://www.helpscout.com/company/careers/;Y;
//a[contains(@href, 'position') or contains(@href, 'vaga') or contains(@href, 'job') or contains(@href, 'career') or contains(@href, 'carreira')];https://www.heroku.com/careers/;Y;
//a[contains(@href, 'position') or contains(@href, 'vaga') or contains(@href, 'job') or contains(@href, 'career') or contains(@href, 'carreira')];https://hireology.com/careers/;Y;
//a[contains(@href, 'position') or contains(@href, 'vaga') or contains(@href, 'job') or contains(@href, 'career') or contains(@href, 'carreira')];,http://homevalet.co/careers;Y;
//a[contains(@href, 'position') or contains(@href, 'vaga') or contains(@href, 'job') or contains(@href, 'career') or contains(@href, 'carreira')];https://www.honeybadger.io/tour/cron-job-heartbeat-monitoring/;Y;
//a[contains(@href, 'position') or contains(@href, 'vaga') or contains(@href, 'job') or contains(@href, 'career') or contains(@href, 'carreira')];https://www.honeybadger.io/careers/;Y;
//a[contains(@href, 'position') or contains(@href, 'vaga') or contains(@href, 'job') or contains(@href, 'career') or contains(@href, 'carreira')];https://contentsquare.com/careers/;Y;
//a[contains(@href, 'position') or contains(@href, 'vaga') or contains(@href, 'job') or contains(@href, 'career') or contains(@href, 'carreira')];https://www.hotjar.com/careers;Y;
//a[contains(@href, 'position') or contains(@href, 'vaga') or contains(@href, 'job') or contains(@href, 'career') or contains(@href, 'carreira')];https://www.hudl.com/jobs;Y;
//a[contains(@href, 'position') or contains(@href, 'vaga') or contains(@href, 'job') or contains(@href, 'career') or contains(@href, 'carreira')];https://humanmade.com/careers/;Y;
//a[contains(@href, 'position') or contains(@href, 'vaga') or contains(@href, 'job') or contains(@href, 'career') or contains(@href, 'carreira')];https://husldigital.com/careers/;Y;
//a[contains(@href, 'position') or contains(@href, 'vaga') or contains(@href, 'job') or contains(@href, 'career') or contains(@href, 'carreira')];https://husldigital.com/careers;Y;
//a[contains(@href, 'position') or contains(@href, 'vaga') or contains(@href, 'job') or contains(@href, 'career') or contains(@href, 'carreira')];https://www.hypergiant.com/careers;Y;
//a[contains(@href, 'position') or contains(@href, 'vaga') or contains(@href, 'job') or contains(@href, 'career') or contains(@href, 'carreira')];https://www.hypergiant.com/careers/;Y;
//a[contains(@href, 'position') or contains(@href, 'vaga') or contains(@href, 'job') or contains(@href, 'career') or contains(@href, 'carreira')];https://job-boards.greenhouse.io/hyperiondev/jobs/8287094002;Y;
//a[contains(@href, 'position') or contains(@href, 'vaga') or contains(@href, 'job') or contains(@href, 'career') or contains(@href, 'carreira')];https://job-boards.greenhouse.io/hyperiondev/jobs/8209029002;Y;
//a[contains(@href, 'position') or contains(@href, 'vaga') or contains(@href, 'job') or contains(@href, 'career') or contains(@href, 'carreira')];https://job-boards.greenhouse.io/hyperiondev/jobs/8296526002;Y;
//a[contains(@href, 'position') or contains(@href, 'vaga') or contains(@href, 'job') or contains(@href, 'career') or contains(@href, 'carreira')];https://job-boards.greenhouse.io/hyperiondev/jobs/8218865002;Y;
//a[contains(@href, 'position') or contains(@href, 'vaga') or contains(@href, 'job') or contains(@href, 'career') or contains(@href, 'carreira')];https://job-boards.greenhouse.io/hyperiondev/jobs/8172797002;Y;
//a[contains(@href, 'position') or contains(@href, 'vaga') or contains(@href, 'job') or contains(@href, 'career') or contains(@href, 'carreira')];https://job-boards.greenhouse.io/hyperiondev/jobs/8172800002;Y;
//a[contains(@href, 'position') or contains(@href, 'vaga') or contains(@href, 'job') or contains(@href, 'career') or contains(@href, 'carreira')];https://job-boards.greenhouse.io/hyperiondev/jobs/8189024002;Y;
//a[contains(@href, 'position') or contains(@href, 'vaga') or contains(@href, 'job') or contains(@href, 'career') or contains(@href, 'carreira')];https://job-boards.greenhouse.io/hyperiondev/jobs/8245782002;Y;
//a[contains(@href, 'position') or contains(@href, 'vaga') or contains(@href, 'job') or contains(@href, 'career') or contains(@href, 'carreira')];https://job-boards.greenhouse.io/hyperiondev/jobs/8200024002;Y;
//a[contains(@href, 'position') or contains(@href, 'vaga') or contains(@href, 'job') or contains(@href, 'career') or contains(@href, 'carreira')];https://job-boards.greenhouse.io/hyperiondev/jobs/8218872002;Y;
//a[contains(@href, 'position') or contains(@href, 'vaga') or contains(@href, 'job') or contains(@href, 'career') or contains(@href, 'carreira')];https://job-boards.greenhouse.io/hyperiondev/jobs/8296819002;Y;
//a[contains(@href, 'position') or contains(@href, 'vaga') or contains(@href, 'job') or contains(@href, 'career') or contains(@href, 'carreira')];https://job-boards.greenhouse.io/hyperiondev/jobs/8212279002;Y;
//a[contains(@href, 'position') or contains(@href, 'vaga') or contains(@href, 'job') or contains(@href, 'career') or contains(@href, 'carreira')];https://job-boards.greenhouse.io/hyperiondev/jobs/8163756002;Y;
//a[contains(@href, 'position') or contains(@href, 'vaga') or contains(@href, 'job') or contains(@href, 'career') or contains(@href, 'carreira')];https://job-boards.greenhouse.io/hyperiondev/jobs/8172799002;Y;
//a[contains(@href, 'position') or contains(@href, 'vaga') or contains(@href, 'job') or contains(@href, 'career') or contains(@href, 'carreira')];https://job-boards.greenhouse.io/hyperiondev/jobs/8248395002;Y;
//a[contains(@href, 'position') or contains(@href, 'vaga') or contains(@href, 'job') or contains(@href, 'career') or contains(@href, 'carreira')];https://job-boards.greenhouse.io/hyperiondev/jobs/8218875002;Y;
//a[contains(@href, 'position') or contains(@href, 'vaga') or contains(@href, 'job') or contains(@href, 'career') or contains(@href, 'carreira')];https://www.hyperiondev.com/jobs/#OpenVacancies;Y;
//a[contains(@href, 'position') or contains(@href, 'vaga') or contains(@href, 'job') or contains(@href, 'career') or contains(@href, 'carreira')];https://job-boards.greenhouse.io/hyperiondev/jobs/8212052002;Y;
//a[contains(@href, 'position') or contains(@href, 'vaga') or contains(@href, 'job') or contains(@href, 'career') or contains(@href, 'carreira')];https://job-boards.greenhouse.io/hyperiondev/jobs/8287090002;Y;
//a[contains(@href, 'position') or contains(@href, 'vaga') or contains(@href, 'job') or contains(@href, 'career') or contains(@href, 'carreira')];https://job-boards.greenhouse.io/hyperiondev/jobs/8212055002;Y;
//a[contains(@href, 'position') or contains(@href, 'vaga') or contains(@href, 'job') or contains(@href, 'career') or contains(@href, 'carreira')];https://job-boards.greenhouse.io/hyperiondev/jobs/8199490002;Y;
//a[contains(@href, 'position') or contains(@href, 'vaga') or contains(@href, 'job') or contains(@href, 'career') or contains(@href, 'carreira')];https://job-boards.greenhouse.io/hyperiondev/jobs/8172823002;Y;
//a[contains(@href, 'position') or contains(@href, 'vaga') or contains(@href, 'job') or contains(@href, 'career') or contains(@href, 'carreira')];https://job-boards.greenhouse.io/hyperiondev/jobs/8248394002;Y;
//a[contains(@href, 'position') or contains(@href, 'vaga') or contains(@href, 'job') or contains(@href, 'career') or contains(@href, 'carreira')];https://job-boards.greenhouse.io/hyperiondev/jobs/8296527002;Y;
//a[contains(@href, 'position') or contains(@href, 'vaga') or contains(@href, 'job') or contains(@href, 'career') or contains(@href, 'carreira')];https://job-boards.greenhouse.io/hyperiondev/jobs/8197313002;Y;
//a[contains(@href, 'position') or contains(@href, 'vaga') or contains(@href, 'job') or contains(@href, 'career') or contains(@href, 'carreira')];https://job-boards.greenhouse.io/hyperiondev/jobs/8130452002;Y;
//a[contains(@href, 'position') or contains(@href, 'vaga') or contains(@href, 'job') or contains(@href, 'career') or contains(@href, 'carreira')];https://job-boards.greenhouse.io/hyperiondev/jobs/8199491002;Y;
//a[contains(@href, 'position') or contains(@href, 'vaga') or contains(@href, 'job') or contains(@href, 'career') or contains(@href, 'carreira')];https://job-boards.greenhouse.io/hyperiondev/jobs/8050162002;Y;
//a[contains(@href, 'position') or contains(@href, 'vaga') or contains(@href, 'job') or contains(@href, 'career') or contains(@href, 'carreira')];https://job-boards.greenhouse.io/hyperiondev/jobs/8192905002;Y;
//a[contains(@href, 'position') or contains(@href, 'vaga') or contains(@href, 'job') or contains(@href, 'career') or contains(@href, 'carreira')];https://job-boards.greenhouse.io/hyperiondev/jobs/8220340002;Y;
//a[contains(@href, 'position') or contains(@href, 'vaga') or contains(@href, 'job') or contains(@href, 'career') or contains(@href, 'carreira')];https://job-boards.greenhouse.io/hyperiondev/jobs/8192939002;Y;
//a[contains(@href, 'position') or contains(@href, 'vaga') or contains(@href, 'job') or contains(@href, 'career') or contains(@href, 'carreira')];https://job-boards.greenhouse.io/hyperiondev/jobs/8050293002;Y;
//a[contains(@href, 'position') or contains(@href, 'vaga') or contains(@href, 'job') or contains(@href, 'career') or contains(@href, 'carreira')];https://job-boards.greenhouse.io/hyperiondev/jobs/8192983002;Y;
//a[contains(@href, 'position') or contains(@href, 'vaga') or contains(@href, 'job') or contains(@href, 'career') or contains(@href, 'carreira')];https://job-boards.greenhouse.io/hyperiondev/jobs/8218862002;Y;
//a[contains(@href, 'position') or contains(@href, 'vaga') or contains(@href, 'job') or contains(@href, 'career') or contains(@href, 'carreira')];https://job-boards.greenhouse.io/hyperiondev/jobs/8192979002;Y;
//a[contains(@href, 'position') or contains(@href, 'vaga') or contains(@href, 'job') or contains(@href, 'career') or contains(@href, 'carreira')];https://blog.hyperiondev.com/index.php/category/coding-careers/;Y;
//a[contains(@href, 'position') or contains(@href, 'vaga') or contains(@href, 'job') or contains(@href, 'career') or contains(@href, 'carreira')];https://job-boards.greenhouse.io/hyperiondev/jobs/8303054002;Y;
//a[contains(@href, 'position') or contains(@href, 'vaga') or contains(@href, 'job') or contains(@href, 'career') or contains(@href, 'carreira')];https://job-boards.greenhouse.io/hyperiondev/jobs/8248392002;Y;
//a[contains(@href, 'position') or contains(@href, 'vaga') or contains(@href, 'job') or contains(@href, 'career') or contains(@href, 'carreira')];https://job-boards.greenhouse.io/hyperiondev/jobs/8287092002;Y;
//a[contains(@href, 'position') or contains(@href, 'vaga') or contains(@href, 'job') or contains(@href, 'career') or contains(@href, 'carreira')];https://job-boards.greenhouse.io/hyperiondev/jobs/8218874002;Y;
//a[contains(@href, 'position') or contains(@href, 'vaga') or contains(@href, 'job') or contains(@href, 'career') or contains(@href, 'carreira')];https://job-boards.greenhouse.io/hyperiondev/jobs/8050292002;Y;
//a[contains(@href, 'position') or contains(@href, 'vaga') or contains(@href, 'job') or contains(@href, 'career') or contains(@href, 'carreira')];https://job-boards.greenhouse.io/hyperiondev/jobs/8212054002;Y;
//a[contains(@href, 'position') or contains(@href, 'vaga') or contains(@href, 'job') or contains(@href, 'career') or contains(@href, 'carreira')];https://www.hyperiondev.com/jobs/;Y;
//a[contains(@href, 'position') or contains(@href, 'vaga') or contains(@href, 'job') or contains(@href, 'career') or contains(@href, 'carreira')];https://job-boards.greenhouse.io/hyperiondev/jobs/8163753002;Y;
//a[contains(@href, 'position') or contains(@href, 'vaga') or contains(@href, 'job') or contains(@href, 'career') or contains(@href, 'carreira')];https://job-boards.greenhouse.io/hyperiondev/jobs/8209028002;Y;
//a[contains(@href, 'position') or contains(@href, 'vaga') or contains(@href, 'job') or contains(@href, 'career') or contains(@href, 'carreira')];https://job-boards.greenhouse.io/hyperiondev/jobs/5237216002;Y;
//a[contains(@href, 'position') or contains(@href, 'vaga') or contains(@href, 'job') or contains(@href, 'career') or contains(@href, 'carreira')];https://job-boards.greenhouse.io/hyperiondev/jobs/8218864002;Y;
//a[contains(@href, 'position') or contains(@href, 'vaga') or contains(@href, 'job') or contains(@href, 'career') or contains(@href, 'carreira')];https://job-boards.greenhouse.io/hyperiondev/jobs/8200022002;Y;
//a[contains(@href, 'position') or contains(@href, 'vaga') or contains(@href, 'job') or contains(@href, 'career') or contains(@href, 'carreira')];https://job-boards.greenhouse.io/hyperiondev/jobs/8197262002;Y;
//a[contains(@href, 'position') or contains(@href, 'vaga') or contains(@href, 'job') or contains(@href, 'career') or contains(@href, 'carreira')];https://job-boards.greenhouse.io/hyperiondev/jobs/8199488002;Y;
//a[contains(@href, 'position') or contains(@href, 'vaga') or contains(@href, 'job') or contains(@href, 'career') or contains(@href, 'carreira')];https://web.hypothes.is/jobs/;Y;
//a[contains(@href, 'position') or contains(@href, 'vaga') or contains(@href, 'job') or contains(@href, 'career') or contains(@href, 'carreira')];https://web.hypothes.is/jobs/engineering-values/;Y;
//a[contains(@href, 'position') or contains(@href, 'vaga') or contains(@href, 'job') or contains(@href, 'career') or contains(@href, 'carreira')];https://web.hypothes.is/blog/from-college-to-career-using-hypothesis-to-simulate-workplace-collaboration/;Y;
//a[contains(@href, 'position') or contains(@href, 'vaga') or contains(@href, 'job') or contains(@href, 'career') or contains(@href, 'carreira')];https://web.hypothes.is/jobs/engineering-interview-process/;Y;
//a[contains(@href, 'position') or contains(@href, 'vaga') or contains(@href, 'job') or contains(@href, 'career') or contains(@href, 'carreira')];https://www.ibm.com/careers?lnk=hpii1us;Y;
//a[contains(@href, 'position') or contains(@href, 'vaga') or contains(@href, 'job') or contains(@href, 'career') or contains(@href, 'carreira')];https://www.ifit.com/careers;Y;
//a[contains(@href, 'position') or contains(@href, 'vaga') or contains(@href, 'job') or contains(@href, 'career') or contains(@href, 'carreira')];https://www.igalia.com/jobs;Y;
//a[contains(@href, 'position') or contains(@href, 'vaga') or contains(@href, 'job') or contains(@href, 'career') or contains(@href, 'carreira')];https://www.imaginelearning.com/solutions/college-career-readiness/;Y;
//a[contains(@href, 'position') or contains(@href, 'vaga') or contains(@href, 'job') or contains(@href, 'career') or contains(@href, 'carreira')];https://www.imaginelearning.com/about/careers/;Y;
//a[contains(@href, 'position') or contains(@href, 'vaga') or contains(@href, 'job') or contains(@href, 'career') or contains(@href, 'carreira')];https://www.imaginelearning.com/about/careers;Y;
//a[contains(@href, 'position') or contains(@href, 'vaga') or contains(@href, 'job') or contains(@href, 'career') or contains(@href, 'carreira')];https://www.imaginelearning.com/about/careers/ai/;Y;
//a[contains(@href, 'position') or contains(@href, 'vaga') or contains(@href, 'job') or contains(@href, 'career') or contains(@href, 'carreira')];https://www.imaginelearning.com/solutions/college-career-readiness;Y;
//a[contains(@href, 'position') or contains(@href, 'vaga') or contains(@href, 'job') or contains(@href, 'career') or contains(@href, 'carreira')];https://incsub.com/careers/;Y;
//a[contains(@href, 'position') or contains(@href, 'vaga') or contains(@href, 'job') or contains(@href, 'career') or contains(@href, 'carreira')];https://www.influxdata.com/careers/;Y;
//a[contains(@href, 'position') or contains(@href, 'vaga') or contains(@href, 'job') or contains(@href, 'career') or contains(@href, 'carreira')];https://carenethealthcare.com/careers;Y;
//a[contains(@href, 'position') or contains(@href, 'vaga') or contains(@href, 'job') or contains(@href, 'career') or contains(@href, 'carreira')];https://www.instructure.com/resources/research-reports/lifelong-learning-report-trends-and-insights-k-12-career;Y;
//a[contains(@href, 'position') or contains(@href, 'vaga') or contains(@href, 'job') or contains(@href, 'career') or contains(@href, 'carreira')];https://www.instructure.com/resources/case-studies/it-together-road-career-college-readiness-canvas-mastery;Y;
//a[contains(@href, 'position') or contains(@href, 'vaga') or contains(@href, 'job') or contains(@href, 'career') or contains(@href, 'carreira')];https://www.instructure.com/about/careers;Y;
//a[contains(@href, 'position') or contains(@href, 'vaga') or contains(@href, 'job') or contains(@href, 'career') or contains(@href, 'carreira')];https://www.intellum.com/company/careers;Y;
//a[contains(@href, 'position') or contains(@href, 'vaga') or contains(@href, 'job') or contains(@href, 'career') or contains(@href, 'carreira')];https://www.genesys.com/company/careers;Y;
//a[contains(@href, 'position') or contains(@href, 'vaga') or contains(@href, 'job') or contains(@href, 'career') or contains(@href, 'carreira')];https://www.intevity.com/careers;Y;
//a[contains(@href, 'position') or contains(@href, 'vaga') or contains(@href, 'job') or contains(@href, 'career') or contains(@href, 'carreira')];https://www.intuit.com/careers/working-at-intuit/;Y;
//a[contains(@href, 'position') or contains(@href, 'vaga') or contains(@href, 'job') or contains(@href, 'career') or contains(@href, 'carreira')];https://jobs.intuit.com/;Y;
//a[contains(@href, 'position') or contains(@href, 'vaga') or contains(@href, 'job') or contains(@href, 'career') or contains(@href, 'carreira')];https://www.intuit.com/careers/teams/software-engineering/;Y;
//a[contains(@href, 'position') or contains(@href, 'vaga') or contains(@href, 'job') or contains(@href, 'career') or contains(@href, 'carreira')];https://www.intuit.com/expert-careers/bookkeeping-jobs/?cid=seo_intuit-nav_aud_US_TTL-FY24_en_QBL-Jobs_link_intuit-talentmktg&plr=2022-28455;Y;
//a[contains(@href, 'position') or contains(@href, 'vaga') or contains(@href, 'job') or contains(@href, 'career') or contains(@href, 'carreira')];https://www.intuit.com/expert-careers/tax-preparers/?cid=seo_intuit-nav_aud_US_TTL-FY24_en_TTL-Jobs_link_intuit-talentmktg&plr=2023-40062;Y;
//a[contains(@href, 'position') or contains(@href, 'vaga') or contains(@href, 'job') or contains(@href, 'career') or contains(@href, 'carreira')];https://www.intuit.com/careers/;Y;
//a[contains(@href, 'position') or contains(@href, 'vaga') or contains(@href, 'job') or contains(@href, 'career') or contains(@href, 'carreira')];https://www.intuit.com/careers;Y;
//a[contains(@href, 'position') or contains(@href, 'vaga') or contains(@href, 'job') or contains(@href, 'career') or contains(@href, 'carreira')];https://www.iopipe.com/jobs/;Y;
//a[contains(@href, 'position') or contains(@href, 'vaga') or contains(@href, 'job') or contains(@href, 'career') or contains(@href, 'carreira')];https://ipsgroup.com/careers/;Y;
//a[contains(@href, 'position') or contains(@href, 'vaga') or contains(@href, 'job') or contains(@href, 'career') or contains(@href, 'carreira')];https://jobs.iqvia.com/culture;Y;
//a[contains(@href, 'position') or contains(@href, 'vaga') or contains(@href, 'job') or contains(@href, 'career') or contains(@href, 'carreira')];https://jobs.iqvia.com/de;Y;
//a[contains(@href, 'position') or contains(@href, 'vaga') or contains(@href, 'job') or contains(@href, 'career') or contains(@href, 'carreira')];https://jobs.iqvia.com/en/most-admired-companies-interview-with-trudy-stein;Y;
//a[contains(@href, 'position') or contains(@href, 'vaga') or contains(@href, 'job') or contains(@href, 'career') or contains(@href, 'carreira')];https://jobs.iqvia.com/en/how-we-work;Y;
//a[contains(@href, 'position') or contains(@href, 'vaga') or contains(@href, 'job') or contains(@href, 'career') or contains(@href, 'carreira')];https://jobs.iqvia.com/en/five-reasons-to-join-IQVIA;Y;
//a[contains(@href, 'position') or contains(@href, 'vaga') or contains(@href, 'job') or contains(@href, 'career') or contains(@href, 'carreira')];https://jobs.iqvia.com/ja;Y;
//a[contains(@href, 'position') or contains(@href, 'vaga') or contains(@href, 'job') or contains(@href, 'career') or contains(@href, 'carreira')];https://jobs.iqvia.com/blog;Y;
//a[contains(@href, 'position') or contains(@href, 'vaga') or contains(@href, 'job') or contains(@href, 'career') or contains(@href, 'carreira')];https://jobs.iqvia.com/en/five-ways-to-grow-your-career;Y;
//a[contains(@href, 'position') or contains(@href, 'vaga') or contains(@href, 'job') or contains(@href, 'career') or contains(@href, 'carreira')];https://jobs.iqvia.com/en/our-company#commitment-sustainability;Y;
//a[contains(@href, 'position') or contains(@href, 'vaga') or contains(@href, 'job') or contains(@href, 'career') or contains(@href, 'carreira')];https://jobs.iqvia.com/en/what-fuels-our-CRAs;Y;
//a[contains(@href, 'position') or contains(@href, 'vaga') or contains(@href, 'job') or contains(@href, 'career') or contains(@href, 'carreira')];https://jobs.iqvia.com/technology-analytics-careers;Y;
//a[contains(@href, 'position') or contains(@href, 'vaga') or contains(@href, 'job') or contains(@href, 'career') or contains(@href, 'carreira')];https://jobs.iqvia.com/en/our-company#iqvia-difference;Y;
//a[contains(@href, 'position') or contains(@href, 'vaga') or contains(@href, 'job') or contains(@href, 'career') or contains(@href, 'carreira')];https://jobs.iqvia.com/interns;Y;
//a[contains(@href, 'position') or contains(@href, 'vaga') or contains(@href, 'job') or contains(@href, 'career') or contains(@href, 'carreira')];https://jobs.iqvia.com/benefits;Y;
//a[contains(@href, 'position') or contains(@href, 'vaga') or contains(@href, 'job') or contains(@href, 'career') or contains(@href, 'carreira')];https://jobs.iqvia.com/search-jobs;Y;
//a[contains(@href, 'position') or contains(@href, 'vaga') or contains(@href, 'job') or contains(@href, 'career') or contains(@href, 'carreira')];https://jobs.iqvia.com/cra;Y;
//a[contains(@href, 'position') or contains(@href, 'vaga') or contains(@href, 'job') or contains(@href, 'career') or contains(@href, 'carreira')];https://jobs.iqvia.com/en/Impressum;Y;
//a[contains(@href, 'position') or contains(@href, 'vaga') or contains(@href, 'job') or contains(@href, 'career') or contains(@href, 'carreira')];https://jobs.iqvia.com/en/iqvia-superpower-quiz;Y;
//a[contains(@href, 'position') or contains(@href, 'vaga') or contains(@href, 'job') or contains(@href, 'career') or contains(@href, 'carreira')];https://jobs.iqvia.com/fr;Y;
//a[contains(@href, 'position') or contains(@href, 'vaga') or contains(@href, 'job') or contains(@href, 'career') or contains(@href, 'carreira')];https://jobs.iqvia.cn/;Y;
//a[contains(@href, 'position') or contains(@href, 'vaga') or contains(@href, 'job') or contains(@href, 'career') or contains(@href, 'carreira')];https://jobs.iqvia.com/en/what-does-it-mean-to-be-an-IQVIAN;Y;
//a[contains(@href, 'position') or contains(@href, 'vaga') or contains(@href, 'job') or contains(@href, 'career') or contains(@href, 'carreira')];https://iqvia.wd1.myworkdayjobs.com/IQVIA/login;Y;
//a[contains(@href, 'position') or contains(@href, 'vaga') or contains(@href, 'job') or contains(@href, 'career') or contains(@href, 'carreira')];https://jobs.iqvia.com/en/our-company#explore-more;Y;
//a[contains(@href, 'position') or contains(@href, 'vaga') or contains(@href, 'job') or contains(@href, 'career') or contains(@href, 'carreira')];https://jobs.iqvia.com/join;Y;
//a[contains(@href, 'position') or contains(@href, 'vaga') or contains(@href, 'job') or contains(@href, 'career') or contains(@href, 'carreira')];https://jobs.iqvia.com/disclaimer;Y;
//a[contains(@href, 'position') or contains(@href, 'vaga') or contains(@href, 'job') or contains(@href, 'career') or contains(@href, 'carreira')];https://jobs.iqvia.com/en/insider-tips-to-get-hired;Y;
//a[contains(@href, 'position') or contains(@href, 'vaga') or contains(@href, 'job') or contains(@href, 'career') or contains(@href, 'carreira')];https://jobs.iqvia.com/en/Salman-returns-to-iqvia;Y;
//a[contains(@href, 'position') or contains(@href, 'vaga') or contains(@href, 'job') or contains(@href, 'career') or contains(@href, 'carreira')];https://jobs.iqvia.com/en/eradicating-polio;Y;
//a[contains(@href, 'position') or contains(@href, 'vaga') or contains(@href, 'job') or contains(@href, 'career') or contains(@href, 'carreira')];https://jobs.iqvia.com/en/our-company#our-purpose;Y;
//a[contains(@href, 'position') or contains(@href, 'vaga') or contains(@href, 'job') or contains(@href, 'career') or contains(@href, 'carreira')];https://jobs.iqvia.com/en/iqvia-evolution-our-history;Y;
//a[contains(@href, 'position') or contains(@href, 'vaga') or contains(@href, 'job') or contains(@href, 'career') or contains(@href, 'carreira')];https://www.iqvia.com/about-us/code-of-conduct/protect-yourself-from-fraudulent-job-offers;Y;
//a[contains(@href, 'position') or contains(@href, 'vaga') or contains(@href, 'job') or contains(@href, 'career') or contains(@href, 'carreira')];https://jobs.iqvia.com/clinical-research-careers;Y;
//a[contains(@href, 'position') or contains(@href, 'vaga') or contains(@href, 'job') or contains(@href, 'career') or contains(@href, 'carreira')];https://jobs.iqvia.com/en/our-company#our-history;Y;
//a[contains(@href, 'position') or contains(@href, 'vaga') or contains(@href, 'job') or contains(@href, 'career') or contains(@href, 'carreira')];https://jobs.iqvia.com/es;Y;
//a[contains(@href, 'position') or contains(@href, 'vaga') or contains(@href, 'job') or contains(@href, 'career') or contains(@href, 'carreira')];https://jobs.iqvia.com/en;Y;
//a[contains(@href, 'position') or contains(@href, 'vaga') or contains(@href, 'job') or contains(@href, 'career') or contains(@href, 'carreira')];https://jobs.iqvia.com/en/freelance-to-full-time;Y;
//a[contains(@href, 'position') or contains(@href, 'vaga') or contains(@href, 'job') or contains(@href, 'career') or contains(@href, 'carreira')];https://jobs.iqvia.com/en/sitemap;Y;
//a[contains(@href, 'position') or contains(@href, 'vaga') or contains(@href, 'job') or contains(@href, 'career') or contains(@href, 'carreira')];https://jobs.iqvia.com/en/passion-for-public-health;Y;
//a[contains(@href, 'position') or contains(@href, 'vaga') or contains(@href, 'job') or contains(@href, 'career') or contains(@href, 'carreira')];https://jobs.iqvia.com/en/AI-career-advancement-tool;Y;
//a[contains(@href, 'position') or contains(@href, 'vaga') or contains(@href, 'job') or contains(@href, 'career') or contains(@href, 'carreira')];https://jobs.iqvia.com/faqs;Y;
//a[contains(@href, 'position') or contains(@href, 'vaga') or contains(@href, 'job') or contains(@href, 'career') or contains(@href, 'carreira')];https://jobs.iqvia.com/en/our-company#content;Y;
//a[contains(@href, 'position') or contains(@href, 'vaga') or contains(@href, 'job') or contains(@href, 'career') or contains(@href, 'carreira')];https://jobs.iqvia.com/ai-machine-learning-careers;Y;
//a[contains(@href, 'position') or contains(@href, 'vaga') or contains(@href, 'job') or contains(@href, 'career') or contains(@href, 'carreira')];https://jobs.iqvia.com/our-company;Y;
//a[contains(@href, 'position') or contains(@href, 'vaga') or contains(@href, 'job') or contains(@href, 'career') or contains(@href, 'carreira')];https://jobs.iqvia.com/en/medication-reminds-mother-of-iqvia-purpose;Y;
//a[contains(@href, 'position') or contains(@href, 'vaga') or contains(@href, 'job') or contains(@href, 'career') or contains(@href, 'carreira')];https://jobs.iqvia.com/consulting-careers;Y;
//a[contains(@href, 'position') or contains(@href, 'vaga') or contains(@href, 'job') or contains(@href, 'career') or contains(@href, 'carreira')];https://jobs.iqvia.com/saved-jobs;Y;
//a[contains(@href, 'position') or contains(@href, 'vaga') or contains(@href, 'job') or contains(@href, 'career') or contains(@href, 'carreira')];https://jobs.iqvia.com/alumni;Y;
//a[contains(@href, 'position') or contains(@href, 'vaga') or contains(@href, 'job') or contains(@href, 'career') or contains(@href, 'carreira')];https://www.15five.com/about/careers;Y;
//a[contains(@href, 'position') or contains(@href, 'vaga') or contains(@href, 'job') or contains(@href, 'career') or contains(@href, 'carreira')];https://www.kuali.co/products/internal-opportunities;Y;
//a[contains(@href, 'position') or contains(@href, 'vaga') or contains(@href, 'job') or contains(@href, 'career') or contains(@href, 'carreira')];https://labelbox.com/company/careers/;Y;
//a[contains(@href, 'position') or contains(@href, 'vaga') or contains(@href, 'job') or contains(@href, 'career') or contains(@href, 'carreira')];https://www.bloomtech.com/careers;Y;
//a[contains(@href, 'position') or contains(@href, 'vaga') or contains(@href, 'job') or contains(@href, 'career') or contains(@href, 'carreira')];https://lambertlabs.com/about-us/careers/;Y;
//a[contains(@href, 'position') or contains(@href, 'vaga') or contains(@href, 'job') or contains(@href, 'career') or contains(@href, 'carreira')];https://www.supertab.co/career;Y;
//a[contains(@href, 'position') or contains(@href, 'vaga') or contains(@href, 'job') or contains(@href, 'career') or contains(@href, 'carreira')];https://www.dealfront.com/careers/?ajs_aid=65c249f0-aee5-4dfd-9715-5c1c8b717779;Y;
//a[contains(@href, 'position') or contains(@href, 'vaga') or contains(@href, 'job') or contains(@href, 'career') or contains(@href, 'carreira')];https://www.dealfront.com/careers/;Y;
//a[contains(@href, 'position') or contains(@href, 'vaga') or contains(@href, 'job') or contains(@href, 'career') or contains(@href, 'carreira')];https://leadiq.com/careers;Y;
//a[contains(@href, 'position') or contains(@href, 'vaga') or contains(@href, 'job') or contains(@href, 'career') or contains(@href, 'carreira')];https://www.abetterinternet.org/careers/;Y;
//a[contains(@href, 'position') or contains(@href, 'vaga') or contains(@href, 'job') or contains(@href, 'career') or contains(@href, 'carreira')];https://www.ltvco.com/careers/?location=costa%20rica;Y;
//a[contains(@href, 'position') or contains(@href, 'vaga') or contains(@href, 'job') or contains(@href, 'career') or contains(@href, 'carreira')];https://www.ltvco.com/careers/;Y;
//a[contains(@href, 'position') or contains(@href, 'vaga') or contains(@href, 'job') or contains(@href, 'career') or contains(@href, 'carreira')];https://www.ltvco.com/careers/?location=united%20states;Y;
//a[contains(@href, 'position') or contains(@href, 'vaga') or contains(@href, 'job') or contains(@href, 'career') or contains(@href, 'carreira')];https://www.lightspeedhq.com/careers/;Y;
//a[contains(@href, 'position') or contains(@href, 'vaga') or contains(@href, 'job') or contains(@href, 'career') or contains(@href, 'carreira')];https://www.linaro.org/careers;Y;
//a[contains(@href, 'position') or contains(@href, 'vaga') or contains(@href, 'job') or contains(@href, 'career') or contains(@href, 'carreira')];https://careers.linecorp.com/ko/;Y;
//a[contains(@href, 'position') or contains(@href, 'vaga') or contains(@href, 'job') or contains(@href, 'career') or contains(@href, 'carreira')];https://www.link11.com/en/career/;Y;
//a[contains(@href, 'position') or contains(@href, 'vaga') or contains(@href, 'job') or contains(@href, 'career') or contains(@href, 'carreira')];https://www.linuxfoundation.org/research/open-source-jobs-report-2025?hsLang=en;Y;
//a[contains(@href, 'position') or contains(@href, 'vaga') or contains(@href, 'job') or contains(@href, 'career') or contains(@href, 'carreira')];https://www.linuxfoundation.org/careers;Y;
//a[contains(@href, 'position') or contains(@href, 'vaga') or contains(@href, 'job') or contains(@href, 'career') or contains(@href, 'carreira')];https://lionsher.com/careers/;Y;
//a[contains(@href, 'position') or contains(@href, 'vaga') or contains(@href, 'job') or contains(@href, 'career') or contains(@href, 'carreira')];https://lionsher.com/careers/#content;Y;
//a[contains(@href, 'position') or contains(@href, 'vaga') or contains(@href, 'job') or contains(@href, 'career') or contains(@href, 'carreira')];https://www.litmus.com/careers;Y;
//a[contains(@href, 'position') or contains(@href, 'vaga') or contains(@href, 'job') or contains(@href, 'career') or contains(@href, 'carreira')];https://www.liveperson.com/company/careers/;Y;
//a[contains(@href, 'position') or contains(@href, 'vaga') or contains(@href, 'job') or contains(@href, 'career') or contains(@href, 'carreira')];https://careers.liveperson.com/;Y;
//a[contains(@href, 'position') or contains(@href, 'vaga') or contains(@href, 'job') or contains(@href, 'career') or contains(@href, 'carreira')];https://careers.liveperson.com/?q=engineering;Y;
//a[contains(@href, 'position') or contains(@href, 'vaga') or contains(@href, 'job') or contains(@href, 'career') or contains(@href, 'carreira')];https://careers.liveperson.com/?q=marketing%20%26%20comms;Y;
//a[contains(@href, 'position') or contains(@href, 'vaga') or contains(@href, 'job') or contains(@href, 'career') or contains(@href, 'carreira')];https://careers.liveperson.com/?source=campaignA;Y;
//a[contains(@href, 'position') or contains(@href, 'vaga') or contains(@href, 'job') or contains(@href, 'career') or contains(@href, 'carreira')];https://careers.liveperson.com/?q=data%20science%20%26%20ml;Y;
//a[contains(@href, 'position') or contains(@href, 'vaga') or contains(@href, 'job') or contains(@href, 'career') or contains(@href, 'carreira')];https://www.liveperson.com/careers/;Y;
//a[contains(@href, 'position') or contains(@href, 'vaga') or contains(@href, 'job') or contains(@href, 'career') or contains(@href, 'carreira')];https://www.liveperson.com/company/careers/#;Y;
//a[contains(@href, 'position') or contains(@href, 'vaga') or contains(@href, 'job') or contains(@href, 'career') or contains(@href, 'carreira')];https://careers.liveperson.com/?q=Sales;Y;
//a[contains(@href, 'position') or contains(@href, 'vaga') or contains(@href, 'job') or contains(@href, 'career') or contains(@href, 'carreira')];https://careers.liveperson.com/?q=Product+%26+Program+Management;Y;
//a[contains(@href, 'position') or contains(@href, 'vaga') or contains(@href, 'job') or contains(@href, 'career') or contains(@href, 'carreira')];https://careers.liveperson.com/?q=customer%20success;Y;
//a[contains(@href, 'position') or contains(@href, 'vaga') or contains(@href, 'job') or contains(@href, 'career') or contains(@href, 'carreira')];https://careers.liveperson.com/upload/?source=CampaignA;Y;
//a[contains(@href, 'position') or contains(@href, 'vaga') or contains(@href, 'job') or contains(@href, 'career') or contains(@href, 'carreira')];https://angel.co/localistico/jobs;Y;
//a[contains(@href, 'position') or contains(@href, 'vaga') or contains(@href, 'job') or contains(@href, 'career') or contains(@href, 'carreira')];https://www.lullabot.com/jobs;Y;
//a[contains(@href, 'position') or contains(@href, 'vaga') or contains(@href, 'job') or contains(@href, 'career') or contains(@href, 'carreira')];https://career.luxoft.com/;Y;
//a[contains(@href, 'position') or contains(@href, 'vaga') or contains(@href, 'job') or contains(@href, 'career') or contains(@href, 'carreira')];https://www.lytx.com/about-us/careers#content;Y;
//a[contains(@href, 'position') or contains(@href, 'vaga') or contains(@href, 'job') or contains(@href, 'career') or contains(@href, 'carreira')];https://lytx.wd1.myworkdayjobs.com/Lytx;Y;
//a[contains(@href, 'position') or contains(@href, 'vaga') or contains(@href, 'job') or contains(@href, 'career') or contains(@href, 'carreira')];https://www.lytx.com/about-us/careers;Y;
//a[contains(@href, 'position') or contains(@href, 'vaga') or contains(@href, 'job') or contains(@href, 'career') or contains(@href, 'carreira')];https://www.lytx.com/about-us/careers#locations;Y;
//a[contains(@href, 'position') or contains(@href, 'vaga') or contains(@href, 'job') or contains(@href, 'career') or contains(@href, 'carreira')];https://madewithlove.com/careers/;Y;
//a[contains(@href, 'position') or contains(@href, 'vaga') or contains(@href, 'job') or contains(@href, 'career') or contains(@href, 'carreira')];https://www.mailerlite.com/jobs;Y;
//a[contains(@href, 'position') or contains(@href, 'vaga') or contains(@href, 'job') or contains(@href, 'career') or contains(@href, 'carreira')];https://snyk.io/careers/;Y;
//a[contains(@href, 'position') or contains(@href, 'vaga') or contains(@href, 'job') or contains(@href, 'career') or contains(@href, 'carreira')];https://www.mapbox.com/careers;Y;
//a[contains(@href, 'position') or contains(@href, 'vaga') or contains(@href, 'job') or contains(@href, 'career') or contains(@href, 'carreira')];https://www.marcopolo.me/jobs/;Y;
//a[contains(@href, 'position') or contains(@href, 'vaga') or contains(@href, 'job') or contains(@href, 'career') or contains(@href, 'carreira')];https://marsbased.com/jobs;Y;
//a[contains(@href, 'position') or contains(@href, 'vaga') or contains(@href, 'job') or contains(@href, 'career') or contains(@href, 'carreira')];https://massivepixel.io/careers/;Y;
//a[contains(@href, 'position') or contains(@href, 'vaga') or contains(@href, 'job') or contains(@href, 'career') or contains(@href, 'carreira')];https://maxicus.com/careers/;Y;
//a[contains(@href, 'position') or contains(@href, 'vaga') or contains(@href, 'job') or contains(@href, 'career') or contains(@href, 'carreira')];https://www.mayvue.com/careers/;Y;
//a[contains(@href, 'position') or contains(@href, 'vaga') or contains(@href, 'job') or contains(@href, 'career') or contains(@href, 'carreira')];https://www.mediavine.com/jobs/;Y;
//a[contains(@href, 'position') or contains(@href, 'vaga') or contains(@href, 'job') or contains(@href, 'career') or contains(@href, 'carreira')];https://memberful.com/jobs/;Y;
//a[contains(@href, 'position') or contains(@href, 'vaga') or contains(@href, 'job') or contains(@href, 'career') or contains(@href, 'carreira')];https://www.timely.com/jobs;Y;
//a[contains(@href, 'position') or contains(@href, 'vaga') or contains(@href, 'job') or contains(@href, 'career') or contains(@href, 'carreira')];https://careers.mercari.com/en/;Y;
//a[contains(@href, 'position') or contains(@href, 'vaga') or contains(@href, 'job') or contains(@href, 'career') or contains(@href, 'carreira')];https://www.meridianlink.com/careers/;Y;
//a[contains(@href, 'position') or contains(@href, 'vaga') or contains(@href, 'job') or contains(@href, 'career') or contains(@href, 'carreira')];https://consensys.io/careers;Y;
//a[contains(@href, 'position') or contains(@href, 'vaga') or contains(@href, 'job') or contains(@href, 'career') or contains(@href, 'carreira')];https://www.meteorops.com/job/devops-lead;Y;
//a[contains(@href, 'position') or contains(@href, 'vaga') or contains(@href, 'job') or contains(@href, 'career') or contains(@href, 'carreira')];https://www.meteorops.com/job/senior-devops-engineer;Y;
//a[contains(@href, 'position') or contains(@href, 'vaga') or contains(@href, 'job') or contains(@href, 'career') or contains(@href, 'carreira')];https://www.meteorops.com/work/kubernetes-freelance-jobs;Y;
//a[contains(@href, 'position') or contains(@href, 'vaga') or contains(@href, 'job') or contains(@href, 'career') or contains(@href, 'carreira')];https://www.meteorops.com/careers;Y;
//a[contains(@href, 'position') or contains(@href, 'vaga') or contains(@href, 'job') or contains(@href, 'career') or contains(@href, 'carreira')];https://jobs.medallia.com/;Y;
//a[contains(@href, 'position') or contains(@href, 'vaga') or contains(@href, 'job') or contains(@href, 'career') or contains(@href, 'carreira')];https://mixrank.com/careers/;Y;
//a[contains(@href, 'position') or contains(@href, 'vaga') or contains(@href, 'job') or contains(@href, 'career') or contains(@href, 'carreira')];https://www.modernhealth.com/careers;Y;
//a[contains(@href, 'position') or contains(@href, 'vaga') or contains(@href, 'job') or contains(@href, 'career') or contains(@href, 'carreira')];https://moderntribeagency.com/careers/;Y;
//a[contains(@href, 'position') or contains(@href, 'vaga') or contains(@href, 'job') or contains(@href, 'career') or contains(@href, 'carreira')];https://moderntribeagency.com/protect-yourself-from-job-scams/;Y;
//a[contains(@href, 'position') or contains(@href, 'vaga') or contains(@href, 'job') or contains(@href, 'career') or contains(@href, 'carreira')];https://join.modsquad.com/careers/;Y;
//a[contains(@href, 'position') or contains(@href, 'vaga') or contains(@href, 'job') or contains(@href, 'career') or contains(@href, 'carreira')];https://join.modsquad.com/careers;Y;
//a[contains(@href, 'position') or contains(@href, 'vaga') or contains(@href, 'job') or contains(@href, 'career') or contains(@href, 'carreira')];https://www.mongodb.com/careers;Y;
//a[contains(@href, 'position') or contains(@href, 'vaga') or contains(@href, 'job') or contains(@href, 'career') or contains(@href, 'carreira')];https://www.mongodb.com/company/careers;Y;
//a[contains(@href, 'position') or contains(@href, 'vaga') or contains(@href, 'job') or contains(@href, 'career') or contains(@href, 'carreira')];https://studio.com/careers;Y;
//a[contains(@href, 'position') or contains(@href, 'vaga') or contains(@href, 'job') or contains(@href, 'career') or contains(@href, 'carreira')];https://www.mozilla.org/en-US/careers/;Y;
//a[contains(@href, 'position') or contains(@href, 'vaga') or contains(@href, 'job') or contains(@href, 'career') or contains(@href, 'carreira')];https://www.mtc.co.uk/careers;Y;
//a[contains(@href, 'position') or contains(@href, 'vaga') or contains(@href, 'job') or contains(@href, 'career') or contains(@href, 'carreira')];https://www.mux.com/jobs;Y;
//a[contains(@href, 'position') or contains(@href, 'vaga') or contains(@href, 'job') or contains(@href, 'career') or contains(@href, 'carreira')];https://www.mysql.com/about/jobs/;Y;
//a[contains(@href, 'position') or contains(@href, 'vaga') or contains(@href, 'job') or contains(@href, 'career') or contains(@href, 'carreira')];https://www.nagarro.com/en/careers/hungary?hsLang=en;Y;
//a[contains(@href, 'position') or contains(@href, 'vaga') or contains(@href, 'job') or contains(@href, 'career') or contains(@href, 'carreira')];https://www.nagarro.com/en/careers/switzerland?hsLang=en;Y;
//a[contains(@href, 'position') or contains(@href, 'vaga') or contains(@href, 'job') or contains(@href, 'career') or contains(@href, 'carreira')];https://www.nagarro.com/en/careers/singapore?hsLang=en;Y;
//a[contains(@href, 'position') or contains(@href, 'vaga') or contains(@href, 'job') or contains(@href, 'career') or contains(@href, 'carreira')];https://www.nagarro.com/en/careers/portugal?hsLang=en;Y;
//a[contains(@href, 'position') or contains(@href, 'vaga') or contains(@href, 'job') or contains(@href, 'career') or contains(@href, 'carreira')];https://www.nagarro.com/en/careers/canada?hsLang=en;Y;
//a[contains(@href, 'position') or contains(@href, 'vaga') or contains(@href, 'job') or contains(@href, 'career') or contains(@href, 'carreira')];https://www.nagarro.com/en/careers/poland?hsLang=en;Y;
//a[contains(@href, 'position') or contains(@href, 'vaga') or contains(@href, 'job') or contains(@href, 'career') or contains(@href, 'carreira')];https://www.nagarro.com/en/careers/south-africa?hsLang=en;Y;
//a[contains(@href, 'position') or contains(@href, 'vaga') or contains(@href, 'job') or contains(@href, 'career') or contains(@href, 'carreira')];https://www.nagarro.com/en/careers/colombia?hsLang=en;Y;
//a[contains(@href, 'position') or contains(@href, 'vaga') or contains(@href, 'job') or contains(@href, 'career') or contains(@href, 'carreira')];https://www.nagarro.com/en/careers/united-kingdom?hsLang=en;Y;
//a[contains(@href, 'position') or contains(@href, 'vaga') or contains(@href, 'job') or contains(@href, 'career') or contains(@href, 'carreira')];https://www.nagarro.com/en/careers/philippines?hsLang=en;Y;
//a[contains(@href, 'position') or contains(@href, 'vaga') or contains(@href, 'job') or contains(@href, 'career') or contains(@href, 'carreira')];https://www.nagarro.com/en/careers/japan?hsLang=en;Y;
//a[contains(@href, 'position') or contains(@href, 'vaga') or contains(@href, 'job') or contains(@href, 'career') or contains(@href, 'carreira')];https://www.nagarro.com/en/careers/finland?hsLang=en;Y;
//a[contains(@href, 'position') or contains(@href, 'vaga') or contains(@href, 'job') or contains(@href, 'career') or contains(@href, 'carreira')];https://www.nagarro.com/en/careers/norway?hsLang=en;Y;
//a[contains(@href, 'position') or contains(@href, 'vaga') or contains(@href, 'job') or contains(@href, 'career') or contains(@href, 'carreira')];https://www.nagarro.com/en/careers/sweden?hsLang=en;Y;
//a[contains(@href, 'position') or contains(@href, 'vaga') or contains(@href, 'job') or contains(@href, 'career') or contains(@href, 'carreira')];https://www.nagarro.com/en/careers/mexico?hsLang=en;Y;
//a[contains(@href, 'position') or contains(@href, 'vaga') or contains(@href, 'job') or contains(@href, 'career') or contains(@href, 'carreira')];https://www.nagarro.com/en/careers/thailand?hsLang=en;Y;
//a[contains(@href, 'position') or contains(@href, 'vaga') or contains(@href, 'job') or contains(@href, 'career') or contains(@href, 'carreira')];https://www.nagarro.com/en/careers/france?hsLang=en;Y;
//a[contains(@href, 'position') or contains(@href, 'vaga') or contains(@href, 'job') or contains(@href, 'career') or contains(@href, 'carreira')];https://www.nagarro.com/en/careers/austria?hsLang=en;Y;
//a[contains(@href, 'position') or contains(@href, 'vaga') or contains(@href, 'job') or contains(@href, 'career') or contains(@href, 'carreira')];https://www.nagarro.com/en/careers/india?hsLang=en;Y;
//a[contains(@href, 'position') or contains(@href, 'vaga') or contains(@href, 'job') or contains(@href, 'career') or contains(@href, 'carreira')];https://www.nagarro.com/en/careers/denmark?hsLang=en;Y;
//a[contains(@href, 'position') or contains(@href, 'vaga') or contains(@href, 'job') or contains(@href, 'career') or contains(@href, 'carreira')];https://www.nagarro.com/en/careers/china?hsLang=en;Y;
//a[contains(@href, 'position') or contains(@href, 'vaga') or contains(@href, 'job') or contains(@href, 'career') or contains(@href, 'carreira')];https://www.nagarro.com/en/careers/romania?hsLang=en;Y;
//a[contains(@href, 'position') or contains(@href, 'vaga') or contains(@href, 'job') or contains(@href, 'career') or contains(@href, 'carreira')];https://www.nagarro.com/en/careers/spain?hsLang=en;Y;
//a[contains(@href, 'position') or contains(@href, 'vaga') or contains(@href, 'job') or contains(@href, 'career') or contains(@href, 'carreira')];https://www.nagarro.com/en/careers/sri-lanka?hsLang=en;Y;
//a[contains(@href, 'position') or contains(@href, 'vaga') or contains(@href, 'job') or contains(@href, 'career') or contains(@href, 'carreira')];https://www.nagarro.com/en/careers/us?hsLang=en;Y;
//a[contains(@href, 'position') or contains(@href, 'vaga') or contains(@href, 'job') or contains(@href, 'career') or contains(@href, 'carreira')];https://www.nagarro.com/en/careers/uae?hsLang=en;Y;
//a[contains(@href, 'position') or contains(@href, 'vaga') or contains(@href, 'job') or contains(@href, 'career') or contains(@href, 'carreira')];https://www.nagarro.com/en/careers?hsLang=en;Y;
//a[contains(@href, 'position') or contains(@href, 'vaga') or contains(@href, 'job') or contains(@href, 'career') or contains(@href, 'carreira')];https://www.nagarro.com/en/careers/ecuador?hsLang=en;Y;
//a[contains(@href, 'position') or contains(@href, 'vaga') or contains(@href, 'job') or contains(@href, 'career') or contains(@href, 'carreira')];https://www.nagarro.com/en/careers/germany?hsLang=en;Y;
//a[contains(@href, 'position') or contains(@href, 'vaga') or contains(@href, 'job') or contains(@href, 'career') or contains(@href, 'carreira')];https://www.nationwide.com/personal/about-us/careers/;Y;
//a[contains(@href, 'position') or contains(@href, 'vaga') or contains(@href, 'job') or contains(@href, 'career') or contains(@href, 'carreira')];https://www.invicti.com/careers;Y;
//a[contains(@href, 'position') or contains(@href, 'vaga') or contains(@href, 'job') or contains(@href, 'career') or contains(@href, 'carreira')];https://www.noredink.com/about/jobs/;Y;
//a[contains(@href, 'position') or contains(@href, 'vaga') or contains(@href, 'job') or contains(@href, 'career') or contains(@href, 'carreira')];https://nuagebiz.tech/case-studies/connecting-employers-to-veteran-talent-job-portal/;Y;
//a[contains(@href, 'position') or contains(@href, 'vaga') or contains(@href, 'job') or contains(@href, 'career') or contains(@href, 'carreira')];https://nuagebiz.tech/careers/;Y;
//a[contains(@href, 'position') or contains(@href, 'vaga') or contains(@href, 'job') or contains(@href, 'career') or contains(@href, 'carreira')];https://www.nuna.com/careers/;Y;
//a[contains(@href, 'position') or contains(@href, 'vaga') or contains(@href, 'job') or contains(@href, 'career') or contains(@href, 'carreira')];https://www.oreilly.com/radar/countering-a-brutal-job-market-with-ai/;Y;
//a[contains(@href, 'position') or contains(@href, 'vaga') or contains(@href, 'job') or contains(@href, 'career') or contains(@href, 'carreira')];https://www.oreilly.com/radar/job-for-2027-senior-director-of-million-dollar-regexes/;Y;
//a[contains(@href, 'position') or contains(@href, 'vaga') or contains(@href, 'job') or contains(@href, 'career') or contains(@href, 'carreira')];https://www.oreilly.com/careers/;Y;
//a[contains(@href, 'position') or contains(@href, 'vaga') or contains(@href, 'job') or contains(@href, 'career') or contains(@href, 'carreira')];https://ocient.com/job-postings/;Y;
//a[contains(@href, 'position') or contains(@href, 'vaga') or contains(@href, 'job') or contains(@href, 'career') or contains(@href, 'carreira')];https://ocient.com/careers/;Y;
//a[contains(@href, 'position') or contains(@href, 'vaga') or contains(@href, 'job') or contains(@href, 'career') or contains(@href, 'carreira')];https://octopus.com/company/careers;Y;
//a[contains(@href, 'position') or contains(@href, 'vaga') or contains(@href, 'job') or contains(@href, 'career') or contains(@href, 'carreira')];https://oddball.io/jobs/;Y;
//a[contains(@href, 'position') or contains(@href, 'vaga') or contains(@href, 'job') or contains(@href, 'career') or contains(@href, 'carreira')];https://www.okta.com/company/careers/;Y;
//a[contains(@href, 'position') or contains(@href, 'vaga') or contains(@href, 'job') or contains(@href, 'career') or contains(@href, 'carreira')];https://getollie.com/marketing-opportunities;Y;
//a[contains(@href, 'position') or contains(@href, 'vaga') or contains(@href, 'job') or contains(@href, 'career') or contains(@href, 'carreira')];https://www.ombulabs.com/jobs;Y;
//a[contains(@href, 'position') or contains(@href, 'vaga') or contains(@href, 'job') or contains(@href, 'career') or contains(@href, 'carreira')];https://onna.com/careers?hsLang=en;Y;
//a[contains(@href, 'position') or contains(@href, 'vaga') or contains(@href, 'job') or contains(@href, 'career') or contains(@href, 'carreira')];https://onna.com/careers;Y;
//a[contains(@href, 'position') or contains(@href, 'vaga') or contains(@href, 'job') or contains(@href, 'career') or contains(@href, 'carreira')];https://onthegosystems.com/jobs/ai-solutions-engineer/;Y;
//a[contains(@href, 'position') or contains(@href, 'vaga') or contains(@href, 'job') or contains(@href, 'career') or contains(@href, 'carreira')];https://onthegosystems.com/jobs/head-of-content-2/;Y;
//a[contains(@href, 'position') or contains(@href, 'vaga') or contains(@href, 'job') or contains(@href, 'career') or contains(@href, 'carreira')];https://onthegosystems.com/jobs/senior-rorreact-developer/;Y;
//a[contains(@href, 'position') or contains(@href, 'vaga') or contains(@href, 'job') or contains(@href, 'career') or contains(@href, 'carreira')];https://onthegosystems.com/jobs/senior-full-stack-developer/;Y;
//a[contains(@href, 'position') or contains(@href, 'vaga') or contains(@href, 'job') or contains(@href, 'career') or contains(@href, 'carreira')];https://onthegosystems.com/jobs/;Y;
//a[contains(@href, 'position') or contains(@href, 'vaga') or contains(@href, 'job') or contains(@href, 'career') or contains(@href, 'carreira')];https://opencraft.com/jobs/;Y;
//a[contains(@href, 'position') or contains(@href, 'vaga') or contains(@href, 'job') or contains(@href, 'career') or contains(@href, 'carreira')];https://www.openzeppelin.com/careers;Y;
//a[contains(@href, 'position') or contains(@href, 'vaga') or contains(@href, 'job') or contains(@href, 'career') or contains(@href, 'carreira')];https://our-hometown.com/top-revenue-opportunities-on-wordpress/;Y;
//a[contains(@href, 'position') or contains(@href, 'vaga') or contains(@href, 'job') or contains(@href, 'career') or contains(@href, 'carreira')];https://www.outsourcingdev.com/careers.html;Y;
//a[contains(@href, 'position') or contains(@href, 'vaga') or contains(@href, 'job') or contains(@href, 'career') or contains(@href, 'carreira')];https://pagepro.co/career;Y;
//a[contains(@href, 'position') or contains(@href, 'vaga') or contains(@href, 'job') or contains(@href, 'career') or contains(@href, 'carreira')];https://www.pagerduty.com/careers/;Y;
//a[contains(@href, 'position') or contains(@href, 'vaga') or contains(@href, 'job') or contains(@href, 'career') or contains(@href, 'carreira')];https://careers.pagerduty.com/home;Y;
//a[contains(@href, 'position') or contains(@href, 'vaga') or contains(@href, 'job') or contains(@href, 'career') or contains(@href, 'carreira')];https://www.gopaktor.com/#/career;Y;
//a[contains(@href, 'position') or contains(@href, 'vaga') or contains(@href, 'job') or contains(@href, 'career') or contains(@href, 'carreira')];https://www.palantir.net/podcast/new-framework-career-development-and-growth;Y;
//a[contains(@href, 'position') or contains(@href, 'vaga') or contains(@href, 'job') or contains(@href, 'career') or contains(@href, 'carreira')];https://www.parse.ly/careers/;Y;
//a[contains(@href, 'position') or contains(@href, 'vaga') or contains(@href, 'job') or contains(@href, 'career') or contains(@href, 'carreira')];https://particular.net/careers;Y;
//a[contains(@href, 'position') or contains(@href, 'vaga') or contains(@href, 'job') or contains(@href, 'career') or contains(@href, 'carreira')];https://www.paylocity.com/company/careers/;Y;
//a[contains(@href, 'position') or contains(@href, 'vaga') or contains(@href, 'job') or contains(@href, 'career') or contains(@href, 'carreira')];https://www.payscale.com/careers;Y;
//a[contains(@href, 'position') or contains(@href, 'vaga') or contains(@href, 'job') or contains(@href, 'career') or contains(@href, 'carreira')];https://www.payscale.com/research/US/Job?tk_ctg=jse&tk_cta=dmo;Y;
//a[contains(@href, 'position') or contains(@href, 'vaga') or contains(@href, 'job') or contains(@href, 'career') or contains(@href, 'carreira')];https://www.payscale.com/career-path-planner;Y;
//a[contains(@href, 'position') or contains(@href, 'vaga') or contains(@href, 'job') or contains(@href, 'career') or contains(@href, 'carreira')];https://corporate.payu.com/job-board/;Y;
//a[contains(@href, 'position') or contains(@href, 'vaga') or contains(@href, 'job') or contains(@href, 'career') or contains(@href, 'carreira')];https://corporate.payu.com/careers/;Y;
//a[contains(@href, 'position') or contains(@href, 'vaga') or contains(@href, 'job') or contains(@href, 'career') or contains(@href, 'carreira')];https://www.ukg.com/company/careers/hiring-process;Y;
//a[contains(@href, 'position') or contains(@href, 'vaga') or contains(@href, 'job') or contains(@href, 'career') or contains(@href, 'carreira')];https://apply.ukg.com/careers;Y;
//a[contains(@href, 'position') or contains(@href, 'vaga') or contains(@href, 'job') or contains(@href, 'career') or contains(@href, 'carreira')];https://www.ukg.com/company/careers/locations;Y;
//a[contains(@href, 'position') or contains(@href, 'vaga') or contains(@href, 'job') or contains(@href, 'career') or contains(@href, 'carreira')];https://www.ukg.com/company/careers;Y;
//a[contains(@href, 'position') or contains(@href, 'vaga') or contains(@href, 'job') or contains(@href, 'career') or contains(@href, 'carreira')];https://www.ukg.com/company/careers/life-at-ukg;Y;
//a[contains(@href, 'position') or contains(@href, 'vaga') or contains(@href, 'job') or contains(@href, 'career') or contains(@href, 'carreira')];https://www.ukg.com/company/careers/early-career-internships;Y;
//a[contains(@href, 'position') or contains(@href, 'vaga') or contains(@href, 'job') or contains(@href, 'career') or contains(@href, 'carreira')];https://www.ukg.com/company/careers/benefits;Y;
//a[contains(@href, 'position') or contains(@href, 'vaga') or contains(@href, 'job') or contains(@href, 'career') or contains(@href, 'carreira')];https://pex.com/careers/;Y;
//a[contains(@href, 'position') or contains(@href, 'vaga') or contains(@href, 'job') or contains(@href, 'career') or contains(@href, 'carreira')];https://upsun.com/jobs/;Y;
//a[contains(@href, 'position') or contains(@href, 'vaga') or contains(@href, 'job') or contains(@href, 'career') or contains(@href, 'carreira')];https://www.pleo.io/en/careers;Y;
//a[contains(@href, 'position') or contains(@href, 'vaga') or contains(@href, 'job') or contains(@href, 'career') or contains(@href, 'carreira')];https://www.plex.tv/careers/;Y;
//a[contains(@href, 'position') or contains(@href, 'vaga') or contains(@href, 'job') or contains(@href, 'career') or contains(@href, 'carreira')];https://polygon.technology/careers#open-roles;Y;
//a[contains(@href, 'position') or contains(@href, 'vaga') or contains(@href, 'job') or contains(@href, 'career') or contains(@href, 'carreira')];https://polygon.technology/careers#w-tabs-0-data-w-pane-3;Y;
//a[contains(@href, 'position') or contains(@href, 'vaga') or contains(@href, 'job') or contains(@href, 'career') or contains(@href, 'carreira')];https://jobs.ashbyhq.com/polygon-labs/;Y;
//a[contains(@href, 'position') or contains(@href, 'vaga') or contains(@href, 'job') or contains(@href, 'career') or contains(@href, 'carreira')];https://polygon.technology/careers#w-tabs-0-data-w-pane-1;Y;
//a[contains(@href, 'position') or contains(@href, 'vaga') or contains(@href, 'job') or contains(@href, 'career') or contains(@href, 'carreira')];https://polygon.technology/careers#w-tabs-0-data-w-pane-2;Y;
//a[contains(@href, 'position') or contains(@href, 'vaga') or contains(@href, 'job') or contains(@href, 'career') or contains(@href, 'carreira')];https://ecosystemjobs.polygon.technology/jobs;Y;
//a[contains(@href, 'position') or contains(@href, 'vaga') or contains(@href, 'job') or contains(@href, 'career') or contains(@href, 'carreira')];https://polygon.technology/careers#w-tabs-0-data-w-pane-0;Y;
//a[contains(@href, 'position') or contains(@href, 'vaga') or contains(@href, 'job') or contains(@href, 'career') or contains(@href, 'carreira')];https://polygon.technology/careers;Y;
//a[contains(@href, 'position') or contains(@href, 'vaga') or contains(@href, 'job') or contains(@href, 'career') or contains(@href, 'carreira')];https://polygon.technology/careers#w-tabs-0-data-w-pane-4;Y;
//a[contains(@href, 'position') or contains(@href, 'vaga') or contains(@href, 'job') or contains(@href, 'career') or contains(@href, 'carreira')];https://polygon.technology/careers#;Y;
//a[contains(@href, 'position') or contains(@href, 'vaga') or contains(@href, 'job') or contains(@href, 'career') or contains(@href, 'carreira')];https://polygon.technology/careers#w-tabs-0-data-w-pane-5;Y;
//a[contains(@href, 'position') or contains(@href, 'vaga') or contains(@href, 'job') or contains(@href, 'career') or contains(@href, 'carreira')];https://www.precisionnutrition.com/careers;Y;
//a[contains(@href, 'position') or contains(@href, 'vaga') or contains(@href, 'job') or contains(@href, 'career') or contains(@href, 'carreira')];https://www.previousnext.com.au/about/careers;Y;
//a[contains(@href, 'position') or contains(@href, 'vaga') or contains(@href, 'job') or contains(@href, 'career') or contains(@href, 'carreira')];https://prezi.com/fr/jobs;Y;
//a[contains(@href, 'position') or contains(@href, 'vaga') or contains(@href, 'job') or contains(@href, 'career') or contains(@href, 'carreira')];https://prezi.com/jobs#mobile-footer-prezi;Y;
//a[contains(@href, 'position') or contains(@href, 'vaga') or contains(@href, 'job') or contains(@href, 'career') or contains(@href, 'carreira')];https://prezi.com/ja/jobs;Y;
//a[contains(@href, 'position') or contains(@href, 'vaga') or contains(@href, 'job') or contains(@href, 'career') or contains(@href, 'carreira')];https://prezi.com/jobs;Y;
//a[contains(@href, 'position') or contains(@href, 'vaga') or contains(@href, 'job') or contains(@href, 'career') or contains(@href, 'carreira')];https://prezi.com/hu/jobs;Y;
//a[contains(@href, 'position') or contains(@href, 'vaga') or contains(@href, 'job') or contains(@href, 'career') or contains(@href, 'carreira')];https://prezi.com/jobs#mobile-footer-infogram;Y;
//a[contains(@href, 'position') or contains(@href, 'vaga') or contains(@href, 'job') or contains(@href, 'career') or contains(@href, 'carreira')];https://prezi.com/jobs#mobile-footer-support;Y;
//a[contains(@href, 'position') or contains(@href, 'vaga') or contains(@href, 'job') or contains(@href, 'career') or contains(@href, 'carreira')];https://prezi.com/it/jobs;Y;
//a[contains(@href, 'position') or contains(@href, 'vaga') or contains(@href, 'job') or contains(@href, 'career') or contains(@href, 'carreira')];https://prezi.com/jobs#mobile-footer-languages;Y;
//a[contains(@href, 'position') or contains(@href, 'vaga') or contains(@href, 'job') or contains(@href, 'career') or contains(@href, 'carreira')];https://prezi.com/jobs#openings;Y;
//a[contains(@href, 'position') or contains(@href, 'vaga') or contains(@href, 'job') or contains(@href, 'career') or contains(@href, 'carreira')];https://prezi.com/ko/jobs;Y;
//a[contains(@href, 'position') or contains(@href, 'vaga') or contains(@href, 'job') or contains(@href, 'career') or contains(@href, 'carreira')];https://prezi.com/jobs/;Y;
//a[contains(@href, 'position') or contains(@href, 'vaga') or contains(@href, 'job') or contains(@href, 'career') or contains(@href, 'carreira')];https://prezi.com/jobs#;Y;
//a[contains(@href, 'position') or contains(@href, 'vaga') or contains(@href, 'job') or contains(@href, 'career') or contains(@href, 'carreira')];https://prezi.com/de/jobs;Y;
//a[contains(@href, 'position') or contains(@href, 'vaga') or contains(@href, 'job') or contains(@href, 'career') or contains(@href, 'carreira')];https://prezi.com/pt/jobs;Y;
//a[contains(@href, 'position') or contains(@href, 'vaga') or contains(@href, 'job') or contains(@href, 'career') or contains(@href, 'carreira')];https://prezi.com/jobs#mobile-footer-company;Y;
//a[contains(@href, 'position') or contains(@href, 'vaga') or contains(@href, 'job') or contains(@href, 'career') or contains(@href, 'carreira')];https://prezi.com/jobs#mobile-footer-product_family;Y;
//a[contains(@href, 'position') or contains(@href, 'vaga') or contains(@href, 'job') or contains(@href, 'career') or contains(@href, 'carreira')];https://prezi.com/es/jobs;Y;
//a[contains(@href, 'position') or contains(@href, 'vaga') or contains(@href, 'job') or contains(@href, 'career') or contains(@href, 'carreira')];https://www.pwc.com/gx/en/services/ai/ai-jobs-barometer.html;Y;
//a[contains(@href, 'position') or contains(@href, 'vaga') or contains(@href, 'job') or contains(@href, 'career') or contains(@href, 'carreira')];https://www.pwc.com/gx/en/careers.html;Y;
//a[contains(@href, 'position') or contains(@href, 'vaga') or contains(@href, 'job') or contains(@href, 'career') or contains(@href, 'carreira')];https://www.pwc.com/gx/en/careers.html#territory-selector;Y;
//a[contains(@href, 'position') or contains(@href, 'vaga') or contains(@href, 'job') or contains(@href, 'career') or contains(@href, 'carreira')];https://jobs.ashbyhq.com/primer.io;Y;
//a[contains(@href, 'position') or contains(@href, 'vaga') or contains(@href, 'job') or contains(@href, 'career') or contains(@href, 'carreira')];https://primer.io/careers#;Y;
//a[contains(@href, 'position') or contains(@href, 'vaga') or contains(@href, 'job') or contains(@href, 'career') or contains(@href, 'carreira')];https://primer.io/careers;Y;
//a[contains(@href, 'position') or contains(@href, 'vaga') or contains(@href, 'job') or contains(@href, 'career') or contains(@href, 'carreira')];https://www.procurify.com/careers/#main;Y;
//a[contains(@href, 'position') or contains(@href, 'vaga') or contains(@href, 'job') or contains(@href, 'career') or contains(@href, 'carreira')];https://www.procurify.com/careers/#insiders;Y;
//a[contains(@href, 'position') or contains(@href, 'vaga') or contains(@href, 'job') or contains(@href, 'career') or contains(@href, 'carreira')];https://jobs.ashbyhq.com/procurify;Y;
//a[contains(@href, 'position') or contains(@href, 'vaga') or contains(@href, 'job') or contains(@href, 'career') or contains(@href, 'carreira')];https://www.procurify.com/careers/#benefits;Y;
//a[contains(@href, 'position') or contains(@href, 'vaga') or contains(@href, 'job') or contains(@href, 'career') or contains(@href, 'carreira')];https://www.procurify.com/careers/;Y;
//a[contains(@href, 'position') or contains(@href, 'vaga') or contains(@href, 'job') or contains(@href, 'career') or contains(@href, 'carreira')];https://www.procurify.com/careers/#careers;Y;
//a[contains(@href, 'position') or contains(@href, 'vaga') or contains(@href, 'job') or contains(@href, 'career') or contains(@href, 'carreira')];https://www.procurify.com/careers/#roles;Y;
//a[contains(@href, 'position') or contains(@href, 'vaga') or contains(@href, 'job') or contains(@href, 'career') or contains(@href, 'carreira')];https://www.procurify.com/careers/#interview;Y;
//a[contains(@href, 'position') or contains(@href, 'vaga') or contains(@href, 'job') or contains(@href, 'career') or contains(@href, 'carreira')];https://www.procurify.com/careers/#values;Y;
//a[contains(@href, 'position') or contains(@href, 'vaga') or contains(@href, 'job') or contains(@href, 'career') or contains(@href, 'carreira')];https://www.procurify.com/careers/#faqs;Y;
//a[contains(@href, 'position') or contains(@href, 'vaga') or contains(@href, 'job') or contains(@href, 'career') or contains(@href, 'carreira')];https://prominentedge.com/careers.html;Y;
//a[contains(@href, 'position') or contains(@href, 'vaga') or contains(@href, 'job') or contains(@href, 'career') or contains(@href, 'carreira')];https://jobs.lever.co/prominentedge;Y;
//a[contains(@href, 'position') or contains(@href, 'vaga') or contains(@href, 'job') or contains(@href, 'career') or contains(@href, 'carreira')];https://www.perforce.com/careers;Y;
//a[contains(@href, 'position') or contains(@href, 'vaga') or contains(@href, 'job') or contains(@href, 'career') or contains(@href, 'carreira')];https://quaderno.io/jobs/;Y;
//a[contains(@href, 'position') or contains(@href, 'vaga') or contains(@href, 'job') or contains(@href, 'career') or contains(@href, 'carreira')];https://rackspace.jobs/;Y;
//a[contains(@href, 'position') or contains(@href, 'vaga') or contains(@href, 'job') or contains(@href, 'career') or contains(@href, 'carreira')];https://teamraft.com/who-we-are/careers/;Y;
//a[contains(@href, 'position') or contains(@href, 'vaga') or contains(@href, 'job') or contains(@href, 'career') or contains(@href, 'carreira')];https://www.lever.co/job-seeker-support/;Y;
//a[contains(@href, 'position') or contains(@href, 'vaga') or contains(@href, 'job') or contains(@href, 'career') or contains(@href, 'carreira')];https://jobs.lever.co/rainforest;Y;
//a[contains(@href, 'position') or contains(@href, 'vaga') or contains(@href, 'job') or contains(@href, 'career') or contains(@href, 'carreira')];https://solutions.travel.rakuten.com/jobs;Y;
//a[contains(@href, 'position') or contains(@href, 'vaga') or contains(@href, 'job') or contains(@href, 'career') or contains(@href, 'carreira')];https://schwarz-digits.de/jobsearch?;Y;
//a[contains(@href, 'position') or contains(@href, 'vaga') or contains(@href, 'job') or contains(@href, 'career') or contains(@href, 'carreira')];https://kaufland-ecommerce.com/karriere/jobs/;Y;
//a[contains(@href, 'position') or contains(@href, 'vaga') or contains(@href, 'job') or contains(@href, 'career') or contains(@href, 'carreira')];https://getrecharge.com/careers/;Y;
//a[contains(@href, 'position') or contains(@href, 'vaga') or contains(@href, 'job') or contains(@href, 'career') or contains(@href, 'carreira')];https://recurly.com/careers/;Y;
//a[contains(@href, 'position') or contains(@href, 'vaga') or contains(@href, 'job') or contains(@href, 'career') or contains(@href, 'carreira')];https://sso.redhat.com/auth/realms/redhat-external/protocol/openid-connect/auth?client_id=rhcom&redirect_uri=https%3A%2F%2Fwww.redhat.com%2Fen%2Fdashboard&response_type=code&scope=openid+profile_level.rh_events+id.email+id.idp+id.job.title+id.job.department+id.name+id.organization+id.sub+id.username+roles+profile+api.graphql+api.console+api.ask_red_hat&state=90feb80f16ab4670b30c3846d3343a6d&code_challenge=1rNQdhCy7rZ3S86Mbi1GXBsmmmEwB_NYjeS_N9D_r9w&code_challenge_method=S256;Y;
//a[contains(@href, 'position') or contains(@href, 'vaga') or contains(@href, 'job') or contains(@href, 'career') or contains(@href, 'carreira')];https://www.redhat.com/en/jobs;Y;
//a[contains(@href, 'position') or contains(@href, 'vaga') or contains(@href, 'job') or contains(@href, 'career') or contains(@href, 'carreira')];https://redditinc.com/careers;Y;
//a[contains(@href, 'position') or contains(@href, 'vaga') or contains(@href, 'job') or contains(@href, 'career') or contains(@href, 'carreira')];https://redoxengine.com/company/careers/;Y;
//a[contains(@href, 'position') or contains(@href, 'vaga') or contains(@href, 'job') or contains(@href, 'career') or contains(@href, 'carreira')];https://redoxengine.com/company/careers;Y;
//a[contains(@href, 'position') or contains(@href, 'vaga') or contains(@href, 'job') or contains(@href, 'career') or contains(@href, 'carreira')];https://reinteractive.com/careers;Y;
//a[contains(@href, 'position') or contains(@href, 'vaga') or contains(@href, 'job') or contains(@href, 'career') or contains(@href, 'carreira')];https://careers.rtcamp.com/;Y;
//a[contains(@href, 'position') or contains(@href, 'vaga') or contains(@href, 'job') or contains(@href, 'career') or contains(@href, 'carreira')];https://www.safeguardglobal.com/company/careers/;Y;
//a[contains(@href, 'position') or contains(@href, 'vaga') or contains(@href, 'job') or contains(@href, 'career') or contains(@href, 'carreira')];https://scalac.io/careers/;Y;
//a[contains(@href, 'position') or contains(@href, 'vaga') or contains(@href, 'job') or contains(@href, 'career') or contains(@href, 'carreira')];https://www.scandit.com/careers/;Y;
//a[contains(@href, 'position') or contains(@href, 'vaga') or contains(@href, 'job') or contains(@href, 'career') or contains(@href, 'carreira')];https://www.scrapingbee.com/scrapers/google-jobs-scraper-api/;Y;
//a[contains(@href, 'position') or contains(@href, 'vaga') or contains(@href, 'job') or contains(@href, 'career') or contains(@href, 'carreira')];https://www.zyte.com/data-types/job-scraper/;Y;
//a[contains(@href, 'position') or contains(@href, 'vaga') or contains(@href, 'job') or contains(@href, 'career') or contains(@href, 'carreira')];https://www.zyte.com/data-types/extract-job-posting-data/;Y;
//a[contains(@href, 'position') or contains(@href, 'vaga') or contains(@href, 'job') or contains(@href, 'career') or contains(@href, 'carreira')];https://jobgether.com/company/zyte;Y;
//a[contains(@href, 'position') or contains(@href, 'vaga') or contains(@href, 'job') or contains(@href, 'career') or contains(@href, 'carreira')];https://www.zyte.com/jobs/;Y;
//a[contains(@href, 'position') or contains(@href, 'vaga') or contains(@href, 'job') or contains(@href, 'career') or contains(@href, 'carreira')];https://www.scylladb.com/company/careers/;Y;
//a[contains(@href, 'position') or contains(@href, 'vaga') or contains(@href, 'job') or contains(@href, 'career') or contains(@href, 'carreira')];https://securityscorecard.com/company/careers/;Y;
//a[contains(@href, 'position') or contains(@href, 'vaga') or contains(@href, 'job') or contains(@href, 'career') or contains(@href, 'carreira')];https://www.seeq.com/careers/;Y;
//a[contains(@href, 'position') or contains(@href, 'vaga') or contains(@href, 'job') or contains(@href, 'career') or contains(@href, 'carreira')];https://zepzpay.com/careers;Y;
//a[contains(@href, 'position') or contains(@href, 'vaga') or contains(@href, 'job') or contains(@href, 'career') or contains(@href, 'carreira')];https://www.zepzpay.com/careers;Y;
//a[contains(@href, 'position') or contains(@href, 'vaga') or contains(@href, 'job') or contains(@href, 'career') or contains(@href, 'carreira')];https://serpapi.com/google-jobs-api;Y;
//a[contains(@href, 'position') or contains(@href, 'vaga') or contains(@href, 'job') or contains(@href, 'career') or contains(@href, 'carreira')];https://serpapi.com/careers;Y;
//a[contains(@href, 'position') or contains(@href, 'vaga') or contains(@href, 'job') or contains(@href, 'career') or contains(@href, 'carreira')];https://angel.co/servmask-1/jobs;Y;
//a[contains(@href, 'position') or contains(@href, 'vaga') or contains(@href, 'job') or contains(@href, 'career') or contains(@href, 'carreira')];https://getsession.com/jobs;Y;
//a[contains(@href, 'position') or contains(@href, 'vaga') or contains(@href, 'job') or contains(@href, 'career') or contains(@href, 'carreira')];https://shareup.app/jobs/;Y;
//a[contains(@href, 'position') or contains(@href, 'vaga') or contains(@href, 'job') or contains(@href, 'career') or contains(@href, 'carreira')];https://getshogun.com/careers/;Y;
//a[contains(@href, 'position') or contains(@href, 'vaga') or contains(@href, 'job') or contains(@href, 'career') or contains(@href, 'carreira')];https://sigmadefense.com/careers/employee-connect/;Y;
//a[contains(@href, 'position') or contains(@href, 'vaga') or contains(@href, 'job') or contains(@href, 'career') or contains(@href, 'carreira')];https://sigmadefense.com/careers/sigma-defense-skillbridge/;Y;
//a[contains(@href, 'position') or contains(@href, 'vaga') or contains(@href, 'job') or contains(@href, 'career') or contains(@href, 'carreira')];https://sigmadefense.com/careers/;Y;
//a[contains(@href, 'position') or contains(@href, 'vaga') or contains(@href, 'job') or contains(@href, 'career') or contains(@href, 'carreira')];https://signeasy.com/jobs;Y;
//a[contains(@href, 'position') or contains(@href, 'vaga') or contains(@href, 'job') or contains(@href, 'career') or contains(@href, 'carreira')];https://simpletexting.com/careers/;Y;
//a[contains(@href, 'position') or contains(@href, 'vaga') or contains(@href, 'job') or contains(@href, 'career') or contains(@href, 'carreira')];https://www.skillshare.com/pt/careers;Y;
//a[contains(@href, 'position') or contains(@href, 'vaga') or contains(@href, 'job') or contains(@href, 'career') or contains(@href, 'carreira')];https://smmile.com/career-digital-marketing-agency-singapore/;Y;
//a[contains(@href, 'position') or contains(@href, 'vaga') or contains(@href, 'job') or contains(@href, 'career') or contains(@href, 'carreira')];https://www.smugmug.com/careers;Y;
//a[contains(@href, 'position') or contains(@href, 'vaga') or contains(@href, 'job') or contains(@href, 'career') or contains(@href, 'carreira')];https://soshace.com/careers;Y;
//a[contains(@href, 'position') or contains(@href, 'vaga') or contains(@href, 'job') or contains(@href, 'career') or contains(@href, 'carreira')];https://spoqa.co.kr/careers/#recruit;Y;
//a[contains(@href, 'position') or contains(@href, 'vaga') or contains(@href, 'job') or contains(@href, 'career') or contains(@href, 'carreira')];https://spoqa.co.kr/careers/interview1/;Y;
//a[contains(@href, 'position') or contains(@href, 'vaga') or contains(@href, 'job') or contains(@href, 'career') or contains(@href, 'carreira')];https://spoqa.co.kr/careers/;Y;
//a[contains(@href, 'position') or contains(@href, 'vaga') or contains(@href, 'job') or contains(@href, 'career') or contains(@href, 'carreira')];https://www.spreedly.com/careers;Y;
//a[contains(@href, 'position') or contains(@href, 'vaga') or contains(@href, 'job') or contains(@href, 'career') or contains(@href, 'carreira')];https://getspruce.com/careers/;Y;
//a[contains(@href, 'position') or contains(@href, 'vaga') or contains(@href, 'job') or contains(@href, 'career') or contains(@href, 'carreira')];https://status.app/jobs;Y;
//a[contains(@href, 'position') or contains(@href, 'vaga') or contains(@href, 'job') or contains(@href, 'career') or contains(@href, 'carreira')];https://getstencil.com/careers;Y;
//a[contains(@href, 'position') or contains(@href, 'vaga') or contains(@href, 'job') or contains(@href, 'career') or contains(@href, 'carreira')];https://www.stickermule.com/careers;Y;
//a[contains(@href, 'position') or contains(@href, 'vaga') or contains(@href, 'job') or contains(@href, 'career') or contains(@href, 'carreira')];https://www.stitchfix.com/careers;Y;
//a[contains(@href, 'position') or contains(@href, 'vaga') or contains(@href, 'job') or contains(@href, 'career') or contains(@href, 'carreira')];https://stormx.io/careers;Y;
//a[contains(@href, 'position') or contains(@href, 'vaga') or contains(@href, 'job') or contains(@href, 'career') or contains(@href, 'carreira')];https://strapi.io/careers;Y;
//a[contains(@href, 'position') or contains(@href, 'vaga') or contains(@href, 'job') or contains(@href, 'career') or contains(@href, 'carreira')];https://jobs.lever.co/strapi/;Y;
//a[contains(@href, 'position') or contains(@href, 'vaga') or contains(@href, 'job') or contains(@href, 'career') or contains(@href, 'carreira')];https://streamnative.io/careers#;Y;
//a[contains(@href, 'position') or contains(@href, 'vaga') or contains(@href, 'job') or contains(@href, 'career') or contains(@href, 'carreira')];https://streamnative.io/careers;Y;
//a[contains(@href, 'position') or contains(@href, 'vaga') or contains(@href, 'job') or contains(@href, 'career') or contains(@href, 'carreira')];https://job-boards.eu.greenhouse.io/streamnative;Y;
//a[contains(@href, 'position') or contains(@href, 'vaga') or contains(@href, 'job') or contains(@href, 'career') or contains(@href, 'carreira')];https://stripe.com/en-br/jobs;Y;
//a[contains(@href, 'position') or contains(@href, 'vaga') or contains(@href, 'job') or contains(@href, 'career') or contains(@href, 'carreira')];https://studysoup.com/jobs;Y;
//a[contains(@href, 'position') or contains(@href, 'vaga') or contains(@href, 'job') or contains(@href, 'career') or contains(@href, 'carreira')];https://surevine.com/careers;Y;
//a[contains(@href, 'position') or contains(@href, 'vaga') or contains(@href, 'job') or contains(@href, 'career') or contains(@href, 'carreira')];https://jobs.suse.com/;Y;
//a[contains(@href, 'position') or contains(@href, 'vaga') or contains(@href, 'job') or contains(@href, 'career') or contains(@href, 'carreira')];https://www.sweetrush.com/job-applicant-privacy-notice;Y;
//a[contains(@href, 'position') or contains(@href, 'vaga') or contains(@href, 'job') or contains(@href, 'career') or contains(@href, 'carreira')];https://swimlane.com/careers/;Y;
//a[contains(@href, 'position') or contains(@href, 'vaga') or contains(@href, 'job') or contains(@href, 'career') or contains(@href, 'carreira')];https://www.sysdig.com/careers;Y;
//a[contains(@href, 'position') or contains(@href, 'vaga') or contains(@href, 'job') or contains(@href, 'career') or contains(@href, 'carreira')];https://www.taskade.com/jobs;Y;
//a[contains(@href, 'position') or contains(@href, 'vaga') or contains(@href, 'job') or contains(@href, 'career') or contains(@href, 'carreira')];https://www.tatvasoft.com/career;Y;
//a[contains(@href, 'position') or contains(@href, 'vaga') or contains(@href, 'job') or contains(@href, 'career') or contains(@href, 'carreira')];https://www.notion.so/teamflowhq/Teamflow-Job-Board-225515ad0f824ef8920e9a4db7c7abbf;Y;
//a[contains(@href, 'position') or contains(@href, 'vaga') or contains(@href, 'job') or contains(@href, 'career') or contains(@href, 'carreira')];https://www.teamsnap.com/company/careers;Y;
//a[contains(@href, 'position') or contains(@href, 'vaga') or contains(@href, 'job') or contains(@href, 'career') or contains(@href, 'carreira')];https://www.computacenter.com/careers;Y;
//a[contains(@href, 'position') or contains(@href, 'vaga') or contains(@href, 'job') or contains(@href, 'career') or contains(@href, 'carreira')];https://www.computacenter.com/careers/job-offers;Y;
//a[contains(@href, 'position') or contains(@href, 'vaga') or contains(@href, 'job') or contains(@href, 'career') or contains(@href, 'carreira')];https://www.ted.com/about/our-organization/jobs-at-ted;Y;
//a[contains(@href, 'position') or contains(@href, 'vaga') or contains(@href, 'job') or contains(@href, 'career') or contains(@href, 'carreira')];https://www.tenable.com/careers;Y;
//a[contains(@href, 'position') or contains(@href, 'vaga') or contains(@href, 'job') or contains(@href, 'career') or contains(@href, 'carreira')];https://testdouble.com/culture-careers;Y;
//a[contains(@href, 'position') or contains(@href, 'vaga') or contains(@href, 'job') or contains(@href, 'career') or contains(@href, 'carreira')];https://www.testgorilla.com/job-board/;Y;
//a[contains(@href, 'position') or contains(@href, 'vaga') or contains(@href, 'job') or contains(@href, 'career') or contains(@href, 'carreira')];https://www.testgorilla.com/careers/;Y;
//a[contains(@href, 'position') or contains(@href, 'vaga') or contains(@href, 'job') or contains(@href, 'career') or contains(@href, 'carreira')];https://www.testgorilla.com/job-seeker/;Y;
//a[contains(@href, 'position') or contains(@href, 'vaga') or contains(@href, 'job') or contains(@href, 'career') or contains(@href, 'carreira')];https://www.publisherdesk.com/careers/;Y;
//a[contains(@href, 'position') or contains(@href, 'vaga') or contains(@href, 'job') or contains(@href, 'career') or contains(@href, 'carreira')];https://scalefactory.com/about/careers/;Y;
//a[contains(@href, 'position') or contains(@href, 'vaga') or contains(@href, 'job') or contains(@href, 'career') or contains(@href, 'carreira')];https://job-boards.greenhouse.io/thenewyorktimes?keyword=wirecutter;Y;
//a[contains(@href, 'position') or contains(@href, 'vaga') or contains(@href, 'job') or contains(@href, 'career') or contains(@href, 'carreira')];https://www.monks.com/careers;Y;
//a[contains(@href, 'position') or contains(@href, 'vaga') or contains(@href, 'job') or contains(@href, 'career') or contains(@href, 'carreira')];https://www.theoremone.co/careers/reflections;Y;
//a[contains(@href, 'position') or contains(@href, 'vaga') or contains(@href, 'job') or contains(@href, 'career') or contains(@href, 'carreira')];https://www.theoremone.co/careers/culture;Y;
//a[contains(@href, 'position') or contains(@href, 'vaga') or contains(@href, 'job') or contains(@href, 'career') or contains(@href, 'carreira')];https://www.theoremone.co/careers/diversity;Y;
//a[contains(@href, 'position') or contains(@href, 'vaga') or contains(@href, 'job') or contains(@href, 'career') or contains(@href, 'carreira')];https://www.theoremone.co/careers;Y;
//a[contains(@href, 'position') or contains(@href, 'vaga') or contains(@href, 'job') or contains(@href, 'career') or contains(@href, 'carreira')];https://osv-chegg.wd5.myworkdayjobs.com/Chegg;Y;
//a[contains(@href, 'position') or contains(@href, 'vaga') or contains(@href, 'job') or contains(@href, 'career') or contains(@href, 'carreira')];https://www.thorn.org/careers/;Y;
//a[contains(@href, 'position') or contains(@href, 'vaga') or contains(@href, 'job') or contains(@href, 'career') or contains(@href, 'carreira')];https://toggl.com/jobs/;Y;
//a[contains(@href, 'position') or contains(@href, 'vaga') or contains(@href, 'job') or contains(@href, 'career') or contains(@href, 'carreira')];https://www.git-tower.com/company/jobs;Y;
//a[contains(@href, 'position') or contains(@href, 'vaga') or contains(@href, 'job') or contains(@href, 'career') or contains(@href, 'carreira')];https://transloadit.com/jobs/;Y;
//a[contains(@href, 'position') or contains(@href, 'vaga') or contains(@href, 'job') or contains(@href, 'career') or contains(@href, 'carreira')];https://jobs.ashbyhq.com/truelogic/form/tech-dream-job?utm_campaign=26162514-upload-cv&utm_source=web&utm_medium=cta-home&utm_content=form;Y;
//a[contains(@href, 'position') or contains(@href, 'vaga') or contains(@href, 'job') or contains(@href, 'career') or contains(@href, 'carreira')];https://jobs.ashbyhq.com/truelogic?utm_source=JLGeqe1kB2;Y;
//a[contains(@href, 'position') or contains(@href, 'vaga') or contains(@href, 'job') or contains(@href, 'career') or contains(@href, 'carreira')];https://jobs.ashbyhq.com/truelogic/form/tech-dream-job;Y;
//a[contains(@href, 'position') or contains(@href, 'vaga') or contains(@href, 'job') or contains(@href, 'career') or contains(@href, 'carreira')];https://truss.works/blog/pathways-to-impact-navigating-ux-careers-in-civic-tech;Y;
//a[contains(@href, 'position') or contains(@href, 'vaga') or contains(@href, 'job') or contains(@href, 'career') or contains(@href, 'carreira')];https://truss.works/jobs;Y;
//a[contains(@href, 'position') or contains(@href, 'vaga') or contains(@href, 'job') or contains(@href, 'career') or contains(@href, 'carreira')];https://careers.sertasimmons.com/;Y;
//a[contains(@href, 'position') or contains(@href, 'vaga') or contains(@href, 'job') or contains(@href, 'career') or contains(@href, 'carreira')];https://www.twilio.com/en-us/company/jobs;Y;
//a[contains(@href, 'position') or contains(@href, 'vaga') or contains(@href, 'job') or contains(@href, 'career') or contains(@href, 'carreira')];https://uhurunetwork.com/careers/;Y;
//a[contains(@href, 'position') or contains(@href, 'vaga') or contains(@href, 'job') or contains(@href, 'career') or contains(@href, 'carreira')];https://www.valimail.com/careers/;Y;
//a[contains(@href, 'position') or contains(@href, 'vaga') or contains(@href, 'job') or contains(@href, 'career') or contains(@href, 'carreira')];https://careers.cloud.com/;Y;
//a[contains(@href, 'position') or contains(@href, 'vaga') or contains(@href, 'job') or contains(@href, 'career') or contains(@href, 'carreira')];https://www.veryfi.com/careers/;Y;
//a[contains(@href, 'position') or contains(@href, 'vaga') or contains(@href, 'job') or contains(@href, 'career') or contains(@href, 'carreira')];https://www.virtahealth.com/careers;Y;
//a[contains(@href, 'position') or contains(@href, 'vaga') or contains(@href, 'job') or contains(@href, 'career') or contains(@href, 'carreira')];https://www.vshn.ch/en/jobs/;Y;
//a[contains(@href, 'position') or contains(@href, 'vaga') or contains(@href, 'job') or contains(@href, 'career') or contains(@href, 'carreira')];https://www.vshn.ch/jobs/;Y;
//a[contains(@href, 'position') or contains(@href, 'vaga') or contains(@href, 'job') or contains(@href, 'career') or contains(@href, 'carreira')];https://www.vshn.ch/jobs/#;Y;
//a[contains(@href, 'position') or contains(@href, 'vaga') or contains(@href, 'job') or contains(@href, 'career') or contains(@href, 'carreira')];https://swissdevjobs.ch/de/companies/vshn;Y;
//a[contains(@href, 'position') or contains(@href, 'vaga') or contains(@href, 'job') or contains(@href, 'career') or contains(@href, 'carreira')];https://webdevstudios.com/careers/;Y;
//a[contains(@href, 'position') or contains(@href, 'vaga') or contains(@href, 'job') or contains(@href, 'career') or contains(@href, 'carreira')];https://www.webrunners.de/en/jobs-offers/;Y;
//a[contains(@href, 'position') or contains(@href, 'vaga') or contains(@href, 'job') or contains(@href, 'career') or contains(@href, 'carreira')];https://www.whitecapseo.com/careers;Y;
//a[contains(@href, 'position') or contains(@href, 'vaga') or contains(@href, 'job') or contains(@href, 'career') or contains(@href, 'carreira')];https://www.whitespectre.com/careers;Y;
//a[contains(@href, 'position') or contains(@href, 'vaga') or contains(@href, 'job') or contains(@href, 'career') or contains(@href, 'carreira')];https://wikimediafoundation.org/jobs/;Y;
//a[contains(@href, 'position') or contains(@href, 'vaga') or contains(@href, 'job') or contains(@href, 'career') or contains(@href, 'carreira')];https://peoplefirstjobs.com/;Y;
//a[contains(@href, 'position') or contains(@href, 'vaga') or contains(@href, 'job') or contains(@href, 'career') or contains(@href, 'carreira')];https://www.wizeline.ai/careers/;Y;
//a[contains(@href, 'position') or contains(@href, 'vaga') or contains(@href, 'job') or contains(@href, 'career') or contains(@href, 'carreira')];https://community.wolfram.com/content?curTag=jobs&source=nav;Y;
//a[contains(@href, 'position') or contains(@href, 'vaga') or contains(@href, 'job') or contains(@href, 'career') or contains(@href, 'carreira')];https://www.wolfram.com/company/careers/?source=nav;Y;
//a[contains(@href, 'position') or contains(@href, 'vaga') or contains(@href, 'job') or contains(@href, 'career') or contains(@href, 'carreira')];https://www.wolfram.com/company/careers/?source=footer;Y;
//a[contains(@href, 'position') or contains(@href, 'vaga') or contains(@href, 'job') or contains(@href, 'career') or contains(@href, 'carreira')];https://www.wolfram.com/company/careers/students/?source=nav;Y;
//a[contains(@href, 'position') or contains(@href, 'vaga') or contains(@href, 'job') or contains(@href, 'career') or contains(@href, 'carreira')];https://www.wolfram.com/company/careers/ambassador/?source=nav;Y;
//a[contains(@href, 'position') or contains(@href, 'vaga') or contains(@href, 'job') or contains(@href, 'career') or contains(@href, 'carreira')];https://www.wolve.com/careers;Y;
//a[contains(@href, 'position') or contains(@href, 'vaga') or contains(@href, 'job') or contains(@href, 'career') or contains(@href, 'carreira')];https://www.wolve.com/careers#internships;Y;
//a[contains(@href, 'position') or contains(@href, 'vaga') or contains(@href, 'job') or contains(@href, 'career') or contains(@href, 'carreira')];https://www.proofpoint.com/us/company/careers;Y;
//a[contains(@href, 'position') or contains(@href, 'vaga') or contains(@href, 'job') or contains(@href, 'career') or contains(@href, 'carreira')];https://saasglobal-termly.teamtailor.com/en-GB/jobs/6282795-lead-full-stack-engineer;Y;
//a[contains(@href, 'position') or contains(@href, 'vaga') or contains(@href, 'job') or contains(@href, 'career') or contains(@href, 'carreira')];https://saasglobal.teamtailor.com/jobs/6658631-product-designer;Y;
//a[contains(@href, 'position') or contains(@href, 'vaga') or contains(@href, 'job') or contains(@href, 'career') or contains(@href, 'carreira')];https://saasglobal.teamtailor.com/en-GB/jobs/6282599-backend-software-engineer-php-python;Y;
//a[contains(@href, 'position') or contains(@href, 'vaga') or contains(@href, 'job') or contains(@href, 'career') or contains(@href, 'carreira')];https://wp-media.me/#job;Y;
//a[contains(@href, 'position') or contains(@href, 'vaga') or contains(@href, 'job') or contains(@href, 'career') or contains(@href, 'carreira')];https://saasglobal.teamtailor.com/en-GB/jobs/6752580-senior-engineering-manager-m-f-d;Y;
//a[contains(@href, 'position') or contains(@href, 'vaga') or contains(@href, 'job') or contains(@href, 'career') or contains(@href, 'carreira')];https://x-team.com/careers;Y;
//a[contains(@href, 'position') or contains(@href, 'vaga') or contains(@href, 'job') or contains(@href, 'career') or contains(@href, 'carreira')];https://jobs.x-team.com/;Y;
//a[contains(@href, 'position') or contains(@href, 'vaga') or contains(@href, 'job') or contains(@href, 'career') or contains(@href, 'carreira')];https://www.yazio.com/en/jobs;Y;
//a[contains(@href, 'position') or contains(@href, 'vaga') or contains(@href, 'job') or contains(@href, 'career') or contains(@href, 'carreira')];https://www.yazio.com/en/jobs#;Y;
//a[contains(@href, 'position') or contains(@href, 'vaga') or contains(@href, 'job') or contains(@href, 'career') or contains(@href, 'carreira')];https://www.ynab.com/careers;Y;
//a[contains(@href, 'position') or contains(@href, 'vaga') or contains(@href, 'job') or contains(@href, 'career') or contains(@href, 'carreira')];https://jobs.bendingspoons.com/positions/68d2a6626966c41aea0e6507;Y;
//a[contains(@href, 'position') or contains(@href, 'vaga') or contains(@href, 'job') or contains(@href, 'career') or contains(@href, 'carreira')];https://jobs.bendingspoons.com/positions/68fb6bb615c8958745398ac2;Y;
//a[contains(@href, 'position') or contains(@href, 'vaga') or contains(@href, 'job') or contains(@href, 'career') or contains(@href, 'carreira')];https://jobs.bendingspoons.com/positions/68f11fb4045ec2dddb1aee55;Y;
//a[contains(@href, 'position') or contains(@href, 'vaga') or contains(@href, 'job') or contains(@href, 'career') or contains(@href, 'carreira')];https://jobs.bendingspoons.com/positions/6889d2629c65e916b84e716c;Y;
//a[contains(@href, 'position') or contains(@href, 'vaga') or contains(@href, 'job') or contains(@href, 'career') or contains(@href, 'carreira')];https://jobs.bendingspoons.com/positions/68f122d1045ec2dddb1aee86;Y;
//a[contains(@href, 'position') or contains(@href, 'vaga') or contains(@href, 'job') or contains(@href, 'career') or contains(@href, 'carreira')];https://jobs.bendingspoons.com/positions/68e0d85c37023164e7a15662;Y;
//a[contains(@href, 'position') or contains(@href, 'vaga') or contains(@href, 'job') or contains(@href, 'career') or contains(@href, 'carreira')];https://jobs.bendingspoons.com/positions/66bb94dc1e8f86fcdd695ee9;Y;
//a[contains(@href, 'position') or contains(@href, 'vaga') or contains(@href, 'job') or contains(@href, 'career') or contains(@href, 'carreira')];https://jobs.bendingspoons.com/positions/68cd10c3e542c9b44d3e1fbf;Y;
//a[contains(@href, 'position') or contains(@href, 'vaga') or contains(@href, 'job') or contains(@href, 'career') or contains(@href, 'carreira')];https://jobs.bendingspoons.com/positions/690c61c285ea5cbb5676e50a;Y;
//a[contains(@href, 'position') or contains(@href, 'vaga') or contains(@href, 'job') or contains(@href, 'career') or contains(@href, 'carreira')];https://jobs.bendingspoons.com/positions/68b939ba78680264923deebf;Y;
//a[contains(@href, 'position') or contains(@href, 'vaga') or contains(@href, 'job') or contains(@href, 'career') or contains(@href, 'carreira')];https://bendingspoons.com/careers;Y;
//a[contains(@href, 'position') or contains(@href, 'vaga') or contains(@href, 'job') or contains(@href, 'career') or contains(@href, 'carreira')];https://jobs.bendingspoons.com/positions/658c459fe3a0e8a03d2fb86d;Y;
//a[contains(@href, 'position') or contains(@href, 'vaga') or contains(@href, 'job') or contains(@href, 'career') or contains(@href, 'carreira')];https://jobs.bendingspoons.com/positions/68f124a7045ec2dddb1aee9c;Y;
//a[contains(@href, 'position') or contains(@href, 'vaga') or contains(@href, 'job') or contains(@href, 'career') or contains(@href, 'carreira')];https://jobs.bendingspoons.com/positions/691462ec3627c4f5b368f7b3;Y;
//a[contains(@href, 'position') or contains(@href, 'vaga') or contains(@href, 'job') or contains(@href, 'career') or contains(@href, 'carreira')];https://jobs.bendingspoons.com/positions/68cd1088c6f971cfb9b550d0;Y;
//a[contains(@href, 'position') or contains(@href, 'vaga') or contains(@href, 'job') or contains(@href, 'career') or contains(@href, 'carreira')];https://jobs.bendingspoons.com/positions/68f125e742036200bfa049d1;Y;
//a[contains(@href, 'position') or contains(@href, 'vaga') or contains(@href, 'job') or contains(@href, 'career') or contains(@href, 'carreira')];https://jobs.bendingspoons.com/positions/64fb1a70473afb0cea4be91c;Y;
//a[contains(@href, 'position') or contains(@href, 'vaga') or contains(@href, 'job') or contains(@href, 'career') or contains(@href, 'carreira')];https://jobs.bendingspoons.com/positions/68c15671ae05ddc6929b9567;Y;
//a[contains(@href, 'position') or contains(@href, 'vaga') or contains(@href, 'job') or contains(@href, 'career') or contains(@href, 'carreira')];https://jobs.bendingspoons.com/positions/672b235728258c31ea4b4fe8;Y;
//a[contains(@href, 'position') or contains(@href, 'vaga') or contains(@href, 'job') or contains(@href, 'career') or contains(@href, 'carreira')];https://jobs.bendingspoons.com/positions/68f1219642036200bfa049b1;Y;
//a[contains(@href, 'position') or contains(@href, 'vaga') or contains(@href, 'job') or contains(@href, 'career') or contains(@href, 'carreira')];https://jobs.bendingspoons.com/positions/691736b5e5a0530f499c6d3d;Y;
//a[contains(@href, 'position') or contains(@href, 'vaga') or contains(@href, 'job') or contains(@href, 'career') or contains(@href, 'carreira')];https://jobs.bendingspoons.com/positions/690c61aa85ea5cbb5676e506;Y;
//a[contains(@href, 'position') or contains(@href, 'vaga') or contains(@href, 'job') or contains(@href, 'career') or contains(@href, 'carreira')];https://jobs.bendingspoons.com/positions/6890dcc0099d1fb8baf95b57;Y;
//a[contains(@href, 'position') or contains(@href, 'vaga') or contains(@href, 'job') or contains(@href, 'career') or contains(@href, 'carreira')];https://jobs.bendingspoons.com/positions/65893b45cc0b3cab8f5473a7;Y;
//a[contains(@href, 'position') or contains(@href, 'vaga') or contains(@href, 'job') or contains(@href, 'career') or contains(@href, 'carreira')];https://jobs.bendingspoons.com/positions/668e71387a24106d65888827;Y;
//a[contains(@href, 'position') or contains(@href, 'vaga') or contains(@href, 'job') or contains(@href, 'career') or contains(@href, 'carreira')];https://jobs.bendingspoons.com/positions/691c75a7620a92157f6e83c8;Y;
//a[contains(@href, 'position') or contains(@href, 'vaga') or contains(@href, 'job') or contains(@href, 'career') or contains(@href, 'carreira')];https://jobs.bendingspoons.com/positions/68f125cc09cdc054c4cb9d63;Y;
//a[contains(@href, 'position') or contains(@href, 'vaga') or contains(@href, 'job') or contains(@href, 'career') or contains(@href, 'carreira')];https://jobs.bendingspoons.com/positions/691304bffc23696f09d253c7;Y;
//a[contains(@href, 'position') or contains(@href, 'vaga') or contains(@href, 'job') or contains(@href, 'career') or contains(@href, 'carreira')];https://jobs.bendingspoons.com/positions/69137b2956b5cb624af7f20a;Y;
//a[contains(@href, 'position') or contains(@href, 'vaga') or contains(@href, 'job') or contains(@href, 'career') or contains(@href, 'carreira')];https://jobs.bendingspoons.com/positions/68d2a549a4c1ca6b40b5018d;Y;
//a[contains(@href, 'position') or contains(@href, 'vaga') or contains(@href, 'job') or contains(@href, 'career') or contains(@href, 'carreira')];https://jobs.bendingspoons.com/positions/64e784cea880e6d706922e96;Y;
//a[contains(@href, 'position') or contains(@href, 'vaga') or contains(@href, 'job') or contains(@href, 'career') or contains(@href, 'carreira')];https://jobs.bendingspoons.com/positions/69146f4a3477e4c140550e0a;Y;
//a[contains(@href, 'position') or contains(@href, 'vaga') or contains(@href, 'job') or contains(@href, 'career') or contains(@href, 'carreira')];https://jobs.bendingspoons.com/positions/63c6dfcf9a2ee17858ce2194;Y;
//a[contains(@href, 'position') or contains(@href, 'vaga') or contains(@href, 'job') or contains(@href, 'career') or contains(@href, 'carreira')];https://jobs.bendingspoons.com/positions/68f27f608a4634000b2e3709;Y;
//a[contains(@href, 'position') or contains(@href, 'vaga') or contains(@href, 'job') or contains(@href, 'career') or contains(@href, 'carreira')];https://jobs.bendingspoons.com/positions/67c756a21abf93b54fa84c35;Y;
//a[contains(@href, 'position') or contains(@href, 'vaga') or contains(@href, 'job') or contains(@href, 'career') or contains(@href, 'carreira')];https://jobs.bendingspoons.com/faq;Y;
//a[contains(@href, 'position') or contains(@href, 'vaga') or contains(@href, 'job') or contains(@href, 'career') or contains(@href, 'carreira')];https://jobs.bendingspoons.com/positions/690c619a442009338a760927;Y;
//a[contains(@href, 'position') or contains(@href, 'vaga') or contains(@href, 'job') or contains(@href, 'career') or contains(@href, 'carreira')];https://jobs.bendingspoons.com/positions/68f122b209cdc054c4cb9d41;Y;
//a[contains(@href, 'position') or contains(@href, 'vaga') or contains(@href, 'job') or contains(@href, 'career') or contains(@href, 'carreira')];https://jobs.bendingspoons.com/positions/672b2170f8e9db8c8009adf6;Y;
//a[contains(@href, 'position') or contains(@href, 'vaga') or contains(@href, 'job') or contains(@href, 'career') or contains(@href, 'carreira')];https://jobs.bendingspoons.com/positions/67c6dc18c70c531d6db8bc3e;Y;
//a[contains(@href, 'position') or contains(@href, 'vaga') or contains(@href, 'job') or contains(@href, 'career') or contains(@href, 'carreira')];https://jobs.bendingspoons.com/positions/68cd1355c6f971cfb9b550f9;Y;
//a[contains(@href, 'position') or contains(@href, 'vaga') or contains(@href, 'job') or contains(@href, 'career') or contains(@href, 'carreira')];https://jobs.bendingspoons.com/;Y;
//a[contains(@href, 'position') or contains(@href, 'vaga') or contains(@href, 'job') or contains(@href, 'career') or contains(@href, 'carreira')];https://jobs.bendingspoons.com/positions/68f1214d09cdc054c4cb9d31;Y;
//a[contains(@href, 'position') or contains(@href, 'vaga') or contains(@href, 'job') or contains(@href, 'career') or contains(@href, 'carreira')];https://jobs.bendingspoons.com/positions/69202839618cf62ecd06ae69;Y;
//a[contains(@href, 'position') or contains(@href, 'vaga') or contains(@href, 'job') or contains(@href, 'career') or contains(@href, 'carreira')];https://jobs.bendingspoons.com/positions/6890dba49d850bc8ab9a94f9;Y;
//a[contains(@href, 'position') or contains(@href, 'vaga') or contains(@href, 'job') or contains(@href, 'career') or contains(@href, 'carreira')];https://breezy.hr/attract/advertise-jobs;Y;
//a[contains(@href, 'position') or contains(@href, 'vaga') or contains(@href, 'job') or contains(@href, 'career') or contains(@href, 'carreira')];https://breezy.hr/attract/career-sites;Y;
//a[contains(@href, 'position') or contains(@href, 'vaga') or contains(@href, 'job') or contains(@href, 'career') or contains(@href, 'carreira')];https://jobs.breezy.hr/;Y;
//a[contains(@href, 'position') or contains(@href, 'vaga') or contains(@href, 'job') or contains(@href, 'career') or contains(@href, 'carreira')];https://acivilate.com/jobs.html;Y;
//a[contains(@href, 'position') or contains(@href, 'vaga') or contains(@href, 'job') or contains(@href, 'career') or contains(@href, 'carreira')];https://www.adaface.com/job-descriptions/;Y;
//a[contains(@href, 'position') or contains(@href, 'vaga') or contains(@href, 'job') or contains(@href, 'career') or contains(@href, 'carreira')];https://aerostratsoftware.com/careers/;Y;
//a[contains(@href, 'position') or contains(@href, 'vaga') or contains(@href, 'job') or contains(@href, 'career') or contains(@href, 'carreira')];https://alamisharia.co.id/en/career/;Y;
//a[contains(@href, 'position') or contains(@href, 'vaga') or contains(@href, 'job') or contains(@href, 'career') or contains(@href, 'carreira')];https://stefanini.gupy.io/;Y;
//a[contains(@href, 'position') or contains(@href, 'vaga') or contains(@href, 'job') or contains(@href, 'career') or contains(@href, 'carreira')];https://fcamara.gupy.io/;Y;
//a[contains(@href, 'position') or contains(@href, 'vaga') or contains(@href, 'job') or contains(@href, 'career') or contains(@href, 'carreira')];https://grupoprovida.com.br/trabalhe-conosco/;Y;
//a[contains(@href, 'position') or contains(@href, 'vaga') or contains(@href, 'job') or contains(@href, 'career') or contains(@href, 'carreira')];https://locaweb.gupy.io/;Y;
//a[contains(@href, 'position') or contains(@href, 'vaga') or contains(@href, 'job') or contains(@href, 'career') or contains(@href, 'carreira')];https://www.serasaexperian.com.br/carreiras/;Y;
//a[contains(@href, 'position') or contains(@href, 'vaga') or contains(@href, 'job') or contains(@href, 'career') or contains(@href, 'carreira')];https://vagas.b3.com.br/go/todas-vagas/4559419/;Y;
//a[contains(@href, 'position') or contains(@href, 'vaga') or contains(@href, 'job') or contains(@href, 'career') or contains(@href, 'carreira')];https://www.accenture.com/br-pt/careers/jobsearch?jk=&vw=0&is_rj=0&pg=1;Y;
//a[contains(@href, 'position') or contains(@href, 'vaga') or contains(@href, 'job') or contains(@href, 'career') or contains(@href, 'carreira')];https://www.capgemini.com/br-pt/carreira/busca-de-vagas/?country_code=br-pt&size=15;Y;
//a[contains(@href, 'position') or contains(@href, 'vaga') or contains(@href, 'job') or contains(@href, 'career') or contains(@href, 'carreira')];https://resource.gupy.io/;N;
//a[contains(@href, 'position') or contains(@href, 'vaga') or contains(@href, 'job') or contains(@href, 'career') or contains(@href, 'carreira')];https://web.tivit.com/talent/job-search;Y;
//a[contains(@href, 'position') or contains(@href, 'vaga') or contains(@href, 'job') or contains(@href, 'career') or contains(@href, 'carreira')];https://sinqia.gupy.io/;Y;
//a[contains(@href, 'position') or contains(@href, 'vaga') or contains(@href, 'job') or contains(@href, 'career') or contains(@href, 'carreira')];https://dextragroup.freshteam.com/jobs;Y;
//a[contains(@href, 'position') or contains(@href, 'vaga') or contains(@href, 'job') or contains(@href, 'career') or contains(@href, 'carreira')];https://movile.gupy.io/;N;
//a[contains(@href, 'position') or contains(@href, 'vaga') or contains(@href, 'job') or contains(@href, 'career') or contains(@href, 'carreira')];https://wd3.myworkdaysite.com/recruiting/edenpeople/Edenred_Careers/0/refreshFacet/318c8bb6f553100021d223d9780d30be/;Y;
//a[contains(@href, 'position') or contains(@href, 'vaga') or contains(@href, 'job') or contains(@href, 'career') or contains(@href, 'carreira')];https://porto.gupy.io/;Y;
//a[contains(@href, 'position') or contains(@href, 'vaga') or contains(@href, 'job') or contains(@href, 'career') or contains(@href, 'carreira')];https://job-boards.greenhouse.io/zupinnovation;Y;
//a[contains(@href, 'position') or contains(@href, 'vaga') or contains(@href, 'job') or contains(@href, 'career') or contains(@href, 'carreira')];https://www.indraempleo.com/pt/employment?place=85&experience=271&sort_by=created&sort_order=DESC;Y;
//a[contains(@href, 'position') or contains(@href, 'vaga') or contains(@href, 'job') or contains(@href, 'career') or contains(@href, 'carreira')];https://www.indraempleo.com/pt/employment?place=67;Y;
//a[contains(@href, 'position') or contains(@href, 'vaga') or contains(@href, 'job') or contains(@href, 'career') or contains(@href, 'carreira')];https://www.indraempleo.com/pt/employment?search=java;Y;
//a[contains(@href, 'position') or contains(@href, 'vaga') or contains(@href, 'job') or contains(@href, 'career') or contains(@href, 'carreira')];https://www.indraempleo.com/pt/employment?search=.net;Y;
//a[contains(@href, 'position') or contains(@href, 'vaga') or contains(@href, 'job') or contains(@href, 'career') or contains(@href, 'carreira')];https://www.indraempleo.com/pt/employment?place=85&experience=291&sort_by=created&sort_order=DESC;Y;
//a[contains(@href, 'position') or contains(@href, 'vaga') or contains(@href, 'job') or contains(@href, 'career') or contains(@href, 'carreira')];https://meli.gupy.io/;Y;
//a[contains(@href, 'position') or contains(@href, 'vaga') or contains(@href, 'job') or contains(@href, 'career') or contains(@href, 'carreira')];https://job-boards.greenhouse.io/c6bank;Y;
//a[contains(@href, 'position') or contains(@href, 'vaga') or contains(@href, 'job') or contains(@href, 'career') or contains(@href, 'carreira')];https://carreiras.itau.com.br/busca-de-vagas;Y;
//a[contains(@href, 'position') or contains(@href, 'vaga') or contains(@href, 'job') or contains(@href, 'career') or contains(@href, 'carreira')];https://carreiras.inter.co/carreiras/;Y;
//a[contains(@href, 'position') or contains(@href, 'vaga') or contains(@href, 'job') or contains(@href, 'career') or contains(@href, 'carreira')];https://venhasersafra.gupy.io/;Y;
//a[contains(@href, 'position') or contains(@href, 'vaga') or contains(@href, 'job') or contains(@href, 'career') or contains(@href, 'carreira')];https://bradesco.csod.com/ux/ats/careersite/1/home?c=bradesco;Y;
//a[contains(@href, 'position') or contains(@href, 'vaga') or contains(@href, 'job') or contains(@href, 'career') or contains(@href, 'carreira')];https://santander.wd3.myworkdayjobs.com/pt-BR/SantanderCareers?locationCountry=1a29bb1357b240ab99a2fa755cc87c0e;Y;
//a[contains(@href, 'position') or contains(@href, 'vaga') or contains(@href, 'job') or contains(@href, 'career') or contains(@href, 'carreira')];https://job-boards.greenhouse.io/ebanx;Y;
//a[contains(@href, 'position') or contains(@href, 'vaga') or contains(@href, 'job') or contains(@href, 'career') or contains(@href, 'carreira')];https://job-boards.greenhouse.io/vtex;Y;
//a[contains(@href, 'position') or contains(@href, 'vaga') or contains(@href, 'job') or contains(@href, 'career') or contains(@href, 'carreira')];https://careers.wildlifestudios.com/pt-br/;Y;
//a[contains(@href, 'position') or contains(@href, 'vaga') or contains(@href, 'job') or contains(@href, 'career') or contains(@href, 'carreira')];https://carreiras.quintoandar.com.br/vagas-abertas/;Y;
//a[contains(@href, 'position') or contains(@href, 'vaga') or contains(@href, 'job') or contains(@href, 'career') or contains(@href, 'carreira')];https://vemsergrupoolx.gupy.io/;Y;
//a[contains(@href, 'position') or contains(@href, 'vaga') or contains(@href, 'job') or contains(@href, 'career') or contains(@href, 'carreira')];https://globo.gupy.io/;Y;
//a[contains(@href, 'position') or contains(@href, 'vaga') or contains(@href, 'job') or contains(@href, 'career') or contains(@href, 'carreira')];https://uol.gupy.io/;Y;
//a[contains(@href, 'position') or contains(@href, 'vaga') or contains(@href, 'job') or contains(@href, 'career') or contains(@href, 'carreira')];https://ambaum.com/careers;Y;
//a[contains(@href, 'position') or contains(@href, 'vaga') or contains(@href, 'job') or contains(@href, 'career') or contains(@href, 'carreira')];https://jobs.jobvite.com/windriver/jobs;Y;
//a[contains(@href, 'position') or contains(@href, 'vaga') or contains(@href, 'job') or contains(@href, 'career') or contains(@href, 'carreira')];https://andela.com/;N;
//a[contains(@href, 'position') or contains(@href, 'vaga') or contains(@href, 'job') or contains(@href, 'career') or contains(@href, 'carreira')];https://www.animalz.co;N;
//a[contains(@href, 'position') or contains(@href, 'vaga') or contains(@href, 'job') or contains(@href, 'career') or contains(@href, 'carreira')];https://www.annertech.com/careers;Y;
//a[contains(@href, 'position') or contains(@href, 'vaga') or contains(@href, 'job') or contains(@href, 'career') or contains(@href, 'carreira')];https://jobs.lever.co/anomali/;Y;
//a[contains(@href, 'position') or contains(@href, 'vaga') or contains(@href, 'job') or contains(@href, 'career') or contains(@href, 'carreira')];https://www.apartmenttherapymedia.com/jobs/listing/;Y;
//a[contains(@href, 'position') or contains(@href, 'vaga') or contains(@href, 'job') or contains(@href, 'career') or contains(@href, 'carreira')];https://job-boards.eu.greenhouse.io/appinio;Y;
//a[contains(@href, 'position') or contains(@href, 'vaga') or contains(@href, 'job') or contains(@href, 'career') or contains(@href, 'carreira')];https://applaudo.com/en/careers/;Y;
//a[contains(@href, 'position') or contains(@href, 'vaga') or contains(@href, 'job') or contains(@href, 'career') or contains(@href, 'carreira')];https://www.appstractor.com/;N;
//a[contains(@href, 'position') or contains(@href, 'vaga') or contains(@href, 'job') or contains(@href, 'career') or contains(@href, 'carreira')];https://www.appwrite.careers/;Y;
//a[contains(@href, 'position') or contains(@href, 'vaga') or contains(@href, 'job') or contains(@href, 'career') or contains(@href, 'carreira')];https://argyle.com/careers/;Y;
//a[contains(@href, 'position') or contains(@href, 'vaga') or contains(@href, 'job') or contains(@href, 'career') or contains(@href, 'carreira')];https://www.ark.io/careers;N;
//a[contains(@href, 'position') or contains(@href, 'vaga') or contains(@href, 'job') or contains(@href, 'career') or contains(@href, 'carreira')];https://jobs.jobvite.com/windriver/jobs;Y;
//a[contains(@href, 'position') or contains(@href, 'vaga') or contains(@href, 'job') or contains(@href, 'career') or contains(@href, 'carreira')];https://cloudify.biz/career;Y;
//a[contains(@href, 'position') or contains(@href, 'vaga') or contains(@href, 'job') or contains(@href, 'career') or contains(@href, 'carreira')];https://arkency.com/;N;
//a[contains(@href, 'position') or contains(@href, 'vaga') or contains(@href, 'job') or contains(@href, 'career') or contains(@href, 'carreira')];https://artandlogic.com/careers/;Y;
//a[contains(@href, 'position') or contains(@href, 'vaga') or contains(@href, 'job') or contains(@href, 'career') or contains(@href, 'carreira')];https://alley.com/careers/;Y;
//a[contains(@href, 'position') or contains(@href, 'vaga') or contains(@href, 'job') or contains(@href, 'career') or contains(@href, 'carreira')];https://careers.cencora.com/us/en/search-results;Y;
//a[contains(@href, 'position') or contains(@href, 'vaga') or contains(@href, 'job') or contains(@href, 'career') or contains(@href, 'carreira')];https://www.alphasights.com/careers/open-roles/#filter=.product%2C.software-engineering;Y;
//a[contains(@href, 'position') or contains(@href, 'vaga') or contains(@href, 'job') or contains(@href, 'career') or contains(@href, 'carreira')];https://amazon.jobs/content/en/job-categories/administrative-support;Y;
//a[contains(@href, 'position') or contains(@href, 'vaga') or contains(@href, 'job') or contains(@href, 'career') or contains(@href, 'carreira')];https://amazon.jobs/content/en/job-categories/human-resources;Y;
//a[contains(@href, 'position') or contains(@href, 'vaga') or contains(@href, 'job') or contains(@href, 'career') or contains(@href, 'carreira')];https://amazon.jobs/content/en/job-categories/investigation-loss-prevention;Y;
//a[contains(@href, 'position') or contains(@href, 'vaga') or contains(@href, 'job') or contains(@href, 'career') or contains(@href, 'carreira')];https://amazon.jobs/content/en/job-categories/leadership-development-training;Y;
//a[contains(@href, 'position') or contains(@href, 'vaga') or contains(@href, 'job') or contains(@href, 'career') or contains(@href, 'carreira')];https://amazon.jobs/content/en/job-categories/legal;Y;
//a[contains(@href, 'position') or contains(@href, 'vaga') or contains(@href, 'job') or contains(@href, 'career') or contains(@href, 'carreira')];https://amazon.jobs/content/en/job-categories/machine-learning-science;Y;
//a[contains(@href, 'position') or contains(@href, 'vaga') or contains(@href, 'job') or contains(@href, 'career') or contains(@href, 'carreira')];https://amazon.jobs/content/en/job-categories/marketing;Y;
//a[contains(@href, 'position') or contains(@href, 'vaga') or contains(@href, 'job') or contains(@href, 'career') or contains(@href, 'carreira')];https://amazon.jobs/content/en/job-categories/medical-health-safety;Y;
//a[contains(@href, 'position') or contains(@href, 'vaga') or contains(@href, 'job') or contains(@href, 'career') or contains(@href, 'carreira')];https://amazon.jobs/content/en/job-categories/operations-it-support-engineering;Y;
//a[contains(@href, 'position') or contains(@href, 'vaga') or contains(@href, 'job') or contains(@href, 'career') or contains(@href, 'carreira')];https://amazon.jobs/content/en/job-categories/project-program-product-management-non-tech;Y;
//a[contains(@href, 'position') or contains(@href, 'vaga') or contains(@href, 'job') or contains(@href, 'career') or contains(@href, 'carreira')];https://amazon.jobs/content/en/job-categories/project-program-product-management-technical;Y;
//a[contains(@href, 'position') or contains(@href, 'vaga') or contains(@href, 'job') or contains(@href, 'career') or contains(@href, 'carreira')];https://amazon.jobs/content/en/job-categories/public-policy;Y;
//a[contains(@href, 'position') or contains(@href, 'vaga') or contains(@href, 'job') or contains(@href, 'career') or contains(@href, 'carreira')];https://amazon.jobs/content/en/job-categories/audio-video-photography-production;Y;
//a[contains(@href, 'position') or contains(@href, 'vaga') or contains(@href, 'job') or contains(@href, 'career') or contains(@href, 'carreira')];https://amazon.jobs/content/en/job-categories/business-merchant-development;Y;
//a[contains(@href, 'position') or contains(@href, 'vaga') or contains(@href, 'job') or contains(@href, 'career') or contains(@href, 'carreira')];https://amazon.jobs/content/en/job-categories/business-intelligence-data-engineering;Y;
//a[contains(@href, 'position') or contains(@href, 'vaga') or contains(@href, 'job') or contains(@href, 'career') or contains(@href, 'carreira')];https://amazon.jobs/content/en/job-categories/buying-planning-instock-management;Y;
//a[contains(@href, 'position') or contains(@href, 'vaga') or contains(@href, 'job') or contains(@href, 'career') or contains(@href, 'carreira')];https://amazon.jobs/content/en/job-categories/customer-service;Y;
//a[contains(@href, 'position') or contains(@href, 'vaga') or contains(@href, 'job') or contains(@href, 'career') or contains(@href, 'carreira')];https://amazon.jobs/content/en/job-categories/data-science;Y;
//a[contains(@href, 'position') or contains(@href, 'vaga') or contains(@href, 'job') or contains(@href, 'career') or contains(@href, 'carreira')];https://amazon.jobs/content/en/job-categories/database-administration;Y;
//a[contains(@href, 'position') or contains(@href, 'vaga') or contains(@href, 'job') or contains(@href, 'career') or contains(@href, 'carreira')];https://amazon.jobs/content/en/job-categories/design;Y;
//a[contains(@href, 'position') or contains(@href, 'vaga') or contains(@href, 'job') or contains(@href, 'career') or contains(@href, 'carreira')];https://amazon.jobs/content/en/job-categories/economics;Y;
//a[contains(@href, 'position') or contains(@href, 'vaga') or contains(@href, 'job') or contains(@href, 'career') or contains(@href, 'carreira')];https://amazon.jobs/content/en/job-categories/editorial-writing-content-management;Y;
//a[contains(@href, 'position') or contains(@href, 'vaga') or contains(@href, 'job') or contains(@href, 'career') or contains(@href, 'carreira')];https://amazon.jobs/content/en/job-categories/facilities-maintenance-real-estate;Y;
//a[contains(@href, 'position') or contains(@href, 'vaga') or contains(@href, 'job') or contains(@href, 'career') or contains(@href, 'carreira')];https://amazon.jobs/content/en/job-categories/fgbs;Y;
//a[contains(@href, 'position') or contains(@href, 'vaga') or contains(@href, 'job') or contains(@href, 'career') or contains(@href, 'carreira')];https://amazon.jobs/content/en/job-categories/fulfillment-operations-management;Y;
//a[contains(@href, 'position') or contains(@href, 'vaga') or contains(@href, 'job') or contains(@href, 'career') or contains(@href, 'carreira')];https://amazon.jobs/content/en/job-categories/fulfillment-center-warehouse-associate;Y;
//a[contains(@href, 'position') or contains(@href, 'vaga') or contains(@href, 'job') or contains(@href, 'career') or contains(@href, 'carreira')];https://amazon.jobs/content/en/job-categories/hardware-development;Y;
//a[contains(@href, 'position') or contains(@href, 'vaga') or contains(@href, 'job') or contains(@href, 'career') or contains(@href, 'carreira')];https://amazon.jobs/content/en/job-categories/public-relations-communications;Y;
//a[contains(@href, 'position') or contains(@href, 'vaga') or contains(@href, 'job') or contains(@href, 'career') or contains(@href, 'carreira')];https://amazon.jobs/content/en/job-categories/research-science;Y;
//a[contains(@href, 'position') or contains(@href, 'vaga') or contains(@href, 'job') or contains(@href, 'career') or contains(@href, 'carreira')];https://amazon.jobs/content/en/job-categories/sales-advertising-account-management;Y;
//a[contains(@href, 'position') or contains(@href, 'vaga') or contains(@href, 'job') or contains(@href, 'career') or contains(@href, 'carreira')];https://amazon.jobs/content/en/job-categories/software-development;Y;
//a[contains(@href, 'position') or contains(@href, 'vaga') or contains(@href, 'job') or contains(@href, 'career') or contains(@href, 'carreira')];https://amazon.jobs/content/en/job-categories/solutions-architecture;Y;
//a[contains(@href, 'position') or contains(@href, 'vaga') or contains(@href, 'job') or contains(@href, 'career') or contains(@href, 'carreira')];https://amazon.jobs/content/en/job-categories/supply-chain-transportation-management;Y;
//a[contains(@href, 'position') or contains(@href, 'vaga') or contains(@href, 'job') or contains(@href, 'career') or contains(@href, 'carreira')];https://amazon.jobs/content/en/job-categories/systems-quality-security-engineering;Y;
//a[contains(@href, 'position') or contains(@href, 'vaga') or contains(@href, 'job') or contains(@href, 'career') or contains(@href, 'carreira')];https://compass.uol/en/careers/;Y;
//a[contains(@href, 'position') or contains(@href, 'vaga') or contains(@href, 'job') or contains(@href, 'career') or contains(@href, 'carreira')];https://www.avenuecode.com/en/careers/;Y;
//a[contains(@href, 'position') or contains(@href, 'vaga') or contains(@href, 'job') or contains(@href, 'career') or contains(@href, 'carreira')];https://matera.inhire.app/vagas;Y;
//a[contains(@href, 'position') or contains(@href, 'vaga') or contains(@href, 'job') or contains(@href, 'career') or contains(@href, 'carreira')];https://career.globant.com/;Y;
//a[contains(@href, 'position') or contains(@href, 'vaga') or contains(@href, 'job') or contains(@href, 'career') or contains(@href, 'carreira')];https://job-boards.greenhouse.io/blip-global;Y;
//a[contains(@href, 'position') or contains(@href, 'vaga') or contains(@href, 'job') or contains(@href, 'career') or contains(@href, 'carreira')];https://careers.emeal.nttdata.com/s/jobs?language=pt_BR&pcountry=Brasil&_gl=1*5mxxgu*_gcl_au*OTYzNTU0NDY0LjE3MDY1MzQ1NDg.;Y;
//a[contains(@href, 'position') or contains(@href, 'vaga') or contains(@href, 'job') or contains(@href, 'career') or contains(@href, 'carreira')];https://www.ibm.com/br-pt/careers/search?field_keyword_05[0]=Brazil&p=1;Y;
//a[contains(@href, 'position') or contains(@href, 'vaga') or contains(@href, 'job') or contains(@href, 'career') or contains(@href, 'carreira')];https://www.ibm.com/br-pt/careers/search?field_keyword_05[0]=Brazil&p=2;Y;
//a[contains(@href, 'position') or contains(@href, 'vaga') or contains(@href, 'job') or contains(@href, 'career') or contains(@href, 'carreira')];https://www.ibm.com/br-pt/careers/search?field_keyword_05[0]=Brazil&p=3;Y;
//a[contains(@href, 'position') or contains(@href, 'vaga') or contains(@href, 'job') or contains(@href, 'career') or contains(@href, 'carreira')];https://careers.oracle.com/en/sites/jobsearch/jobs?lastSelectedFacet=locations&location=Brazil&locationId=300000000106728&locationLevel=country&mode=location&selectedLocationsFacet=300000000106728;Y;
//a[contains(@href, 'position') or contains(@href, 'vaga') or contains(@href, 'job') or contains(@href, 'career') or contains(@href, 'carreira')];https://jobs.sap.com/go/ECS_Brazil/9562801/?q=#reset;Y;
//a[contains(@href, 'position') or contains(@href, 'vaga') or contains(@href, 'job') or contains(@href, 'career') or contains(@href, 'carreira')];https://boards.greenhouse.io/nubank;Y;
//a[contains(@href, 'position') or contains(@href, 'vaga') or contains(@href, 'job') or contains(@href, 'career') or contains(@href, 'carreira')];https://picpay.com/oportunidades-de-emprego-e-carreiras/central-de-vagas;Y;
//a[contains(@href, 'position') or contains(@href, 'vaga') or contains(@href, 'job') or contains(@href, 'career') or contains(@href, 'carreira')];https://jornada.stone.com.br/vagas-abertas?times=Comercial#top;Y;
//a[contains(@href, 'position') or contains(@href, 'vaga') or contains(@href, 'job') or contains(@href, 'career') or contains(@href, 'carreira')];https://jornada.stone.com.br/vagas-abertas?times=Tecnologia#top;Y;
//a[contains(@href, 'position') or contains(@href, 'vaga') or contains(@href, 'job') or contains(@href, 'career') or contains(@href, 'carreira')];https://jornada.stone.com.br/vagas-abertas?times=Log%C3%ADstica#top;Y;
//a[contains(@href, 'position') or contains(@href, 'vaga') or contains(@href, 'job') or contains(@href, 'career') or contains(@href, 'carreira')];https://jornada.stone.com.br/vagas-abertas?times=Relacionamento+com+o+cliente#top;Y;
//a[contains(@href, 'position') or contains(@href, 'vaga') or contains(@href, 'job') or contains(@href, 'career') or contains(@href, 'carreira')];https://jornada.stone.com.br/vagas-abertas?times=Outras+vagas#top;Y;
//a[contains(@href, 'position') or contains(@href, 'vaga') or contains(@href, 'job') or contains(@href, 'career') or contains(@href, 'carreira')];https://job-boards.greenhouse.io/pagarme;Y;
//a[contains(@href, 'position') or contains(@href, 'vaga') or contains(@href, 'job') or contains(@href, 'career') or contains(@href, 'carreira')];https://hotmart.com/pt-br/trabalhe-conosco/vagas?search=developer;Y;
//a[contains(@href, 'position') or contains(@href, 'vaga') or contains(@href, 'job') or contains(@href, 'career') or contains(@href, 'carreira')];https://hotmart.com/pt-br/trabalhe-conosco/vagas?search=tester;Y;
//a[contains(@href, 'position') or contains(@href, 'vaga') or contains(@href, 'job') or contains(@href, 'career') or contains(@href, 'carreira')];https://hotmart.com/pt-br/trabalhe-conosco/vagas?search=software;Y;
//a[contains(@href, 'position') or contains(@href, 'vaga') or contains(@href, 'job') or contains(@href, 'career') or contains(@href, 'carreira')];https://hotmart.com/pt-br/trabalhe-conosco/vagas?search=manager;Y;
//a[contains(@href, 'position') or contains(@href, 'vaga') or contains(@href, 'job') or contains(@href, 'career') or contains(@href, 'carreira')];https://hotmart.com/pt-br/trabalhe-conosco/vagas?search=analista;Y;
//a[contains(@href, 'position') or contains(@href, 'vaga') or contains(@href, 'job') or contains(@href, 'career') or contains(@href, 'carreira')];https://carreiras.magazineluiza.com.br/encontre-sua-vaga/;Y;
//a[contains(@href, 'position') or contains(@href, 'vaga') or contains(@href, 'job') or contains(@href, 'career') or contains(@href, 'carreira')];https://ambevtech.gupy.io/;Y;
//a[contains(@href, 'position') or contains(@href, 'vaga') or contains(@href, 'job') or contains(@href, 'career') or contains(@href, 'carreira')];https://sambatech.compleo.com.br/;Y;
//main//div[2]/div[1]/a;https://topmind.pandape.infojobs.com.br/;Y;
//a;https://diferenciall.com.br/trabalhe-conosco/;N;
//a;https://itplus.com.br/trabalhe/;N;
//a[@data-testid=job-list__listitem-href];https://darede.gupy.io/;Y;
//a;https://www.iacit.com.br/pt-br/trabalhe-conosco;N;
//a;https://columbiati.com/trabalhe-conosco/;N;
//li/div/a;https://digix.inhire.app/vagas/;Y;
//a;https://brasiltec.ind.br/trabalhe-conosco;N;
//a;https://systemhaus.com.br/pt/trabalhe-conosco;N;
//a;https://ths.inf.br/trabalhe-conosco/;N;
//a;https://www.lsoft.com.br/trabalheconosco/;N;
//a;https://brasilcloud.com.br/trabalhe-conosco/;N;
//tbody/tr/td/a;https://plus-it.peoplenect.com/ats/external_applicant/?page=view_all_jobs/trabalhe-conosco/;Y;
//a;https://www.dattatech.com.br/empresa/trabalhe-conosco;N;
//a;https://www.fortestecnologia.com.br/trabalhe-conosco/;N;
//*[@id=vacancies]//a;https://jobs.recrutei.com.br/qualificar-ti-2/carreira;Y;
//table/tbody/tr/td/a;https://meta.jobs.recrut.ai/vagas;Y;
//a;https://www.virtualti.net.br/trabalhe-conosco/;N;
//a;https://www.totvs.com/trabalhe-conosco/;Y;
//a;https://www.castgroup.com.br/solucoes-de-transformacao-digital/trabalhe-conosco/;N;
//table/tbody/tr/td/span/a;https://jobs.gft.com/go/brazil/4412501/?q=&sortColumn=referencedate&sortDirection=desc;Y;
//table/tbody/tr/td/span/a;https://jobs.gft.com/go/brazil/4412501/25/?q=&sortColumn=referencedate&sortDirection=desc;Y;
//table/tbody/tr/td/span/a;https://jobs.gft.com/go/brazil/4412501/50/?q=&sortColumn=referencedate&sortDirection=desc;Y;
//table/tbody/tr/td/span/a;https://jobs.gft.com/go/brazil/4412501/75/?q=&sortColumn=referencedate&sortDirection=desc;Y;
//table/tbody/tr/td/span/a;https://jobs.gft.com/go/brazil/4412501/100/?q=&sortColumn=referencedate&sortDirection=desc;Y;
//table/tbody/tr/td/span/a;https://jobs.gft.com/go/brazil/4412501/125/?q=&sortColumn=referencedate&sortDirection=desc;Y;
//table/tbody/tr/td/span/a;https://jobs.gft.com/go/brazil/4412501/150/?q=&sortColumn=referencedate&sortDirection=desc;Y;
//table/tbody/tr/td/span/a;https://jobs.gft.com/go/brazil/4412501/175/?q=&sortColumn=referencedate&sortDirection=desc;Y;
//main/div/div/section/div/div/div/div/div[1]/a;https://atracaodetalentos.totvs.app/selbetti/extended#listJobOpportunities;Y;
//div[@id=vagas_lista]//a;https://mouts.com.br/trabalhe-conosco;Y;
//a[@data-testid=job-list__listitem-href];https://penso.gupy.io/;Y;
//a;https://www.resourceit.com/trabalhe-conosco/;N;
//a;https://www.daitan.com/careers/;N;
//a;https://www.concrete.com.br/carreiras/;N;
//a;https://www.ciandt.com/br/pt-br/carreiras;N;
//a[@data-testid=job-list__listitem-href];https://stefanini.gupy.io/;Y;
//a;https://www.brq.com/carreira/;N;
//a;https://career.globant.com/?country=BR;N;
//form/div/div/a;https://sensedia.hire.trakstar.com/;Y;
//a[contains(@title,Veja detalhes)];https://www.dqrtech.com.br/vagas/;N;
//div[contains(@class,information)]//a;https://careers.alight.com/us/en/search-results;Y;
//div[contains(@class,information)]//a;https://careers.alight.com/us/en/search-results?from=100&s=1;Y;
//div[@id=app]//span//a;https://recruiting.paylocity.com/recruiting/jobs/All/df0b4c2b-4424-4d43-97ac-9cf7f31153d5/Actabl?__hstc=85647430.dc1d09f10a7d55af1efb108055f9f17b.1746651231402.1746651231402.1746651231402.1&__hssc=85647430.1.1746651231402&__hsfp=3168344640&hsCtaTracking=edcd99fe-c90c-4806-892c-73e79b6613cd%7Cf6e6c1e8-d0f7-4d59-86aa-8716827ab595;Y;
//div[contains(@class,job-list)]//a;https://www.datarobot.com/careers/open-positions/;Y;
//div[contains(@class,gw_jobs-item)]//a;https://airbyte.com/company/careers#open-roles;Y;
//li//a[contains(@class,group)];https://www.aha.io/company/careers/current-openings;Y;
//section[@id=current-openings]//ul//a;https://aerolab.co/careers;Y;
//section[@id=jobs-bottom]//a;https://ae.studio/join-us;Y;
//div[@data-testid=offer-list-cards-desktop-display]//a[@aria-live=off];https://claranetitalia.recruitee.com;Y;
//div[contains(@class,bv-js-jobs-list)]//a;https://www.bazaarvoice.com/company/careers/#job-openings;Y;
//li[contains(@class,flex-col)]//a;https://www.activecampaign.com/careers/job-listings;Y;
//div[contains(@class,information)]//a;https://careers.alight.com/us/en/search-results?from=10&s=1;Y;
//td[contains(@class, posTitle)]//a;https://adhoc.hrmdirect.com/employment/job-openings.php?search=true&&cust_sort1=245588;Y;
//div[contains(@class,posting)]//div[@data-qa=btn-apply]//a;https://jobs.lever.co/1password;Y;
//section[@id=greenhouse-open-roles]//a;https://ably.com/careers;Y;
//div[contains(@class,views-row)]//a;https://www.acquia.com/;Y;
//div[contains(@class, cards)]//a;https://phrase.com/careers/jobs/;Y;
//li[@data-qa=searchResultItem]//a;https://hcml.fa.us2.oraclecloud.com/hcmUI/CandidateExperience/en/sites/AEO-Careers/jobs?lastSelectedFacet=LOCATIONS&selectedLocationsFacet=300000000300470&selectedCategoriesFacet=300000310850476;Y;
//div[@id=job-search-results]//a;https://www.gapinc.com/en-us/careers/job-search?brand=Gap&currentPage=1;Y;
//section[@id=listagem-vagas]//a;https://stellantis.empregare.com/pt-br/vagas;Y;
//div[contains(@class,information)]//a;https://careers.alight.com/us/en/search-results?from=20&s=1;Y;
//section[@id=search-results-list]//a;https://careers.cargill.com/en/search-jobs/Brazil/23251/2/3469034/-10/-55/50/2;Y;
//div[@id=content]//a;https://careers.autotrader.co.uk/jobs/advertising-marketing/;Y;
//div[contains(@class,job-posts)]//a;https://www.braskem.com.br/usa/current-job-openings;Y;
//ul[contains(@class, searchbycat)]//a;https://jobs.sephora.com/viewalljobs/;Y;
//div[@id=root]//a;https://jobs.ashbyhq.com/alan;Y;
//div[@id=root]//a;https://jobs.ashbyhq.com/airgarage;Y;
//div[@id=root]//a;https://www.ideo.com/careers#open-positions;Y;
//div[contains(@class,job-posts)]//a;https://job-boards.greenhouse.io/talkdesk2;Y;
//ul[@role=list]//a;https://adobe.wd5.myworkdayjobs.com/en-US/external_experienced/jobs;Y;
//div[@id=content]//a;https://careers.autotrader.co.uk/jobs/apprentices-graduates/;Y;
//div[contains(@class,information)]//a;https://careers.alight.com/us/en/search-results?from=30&s=1;Y;
//a[contains(@href, 'position') or contains(@href, 'vaga') or contains(@href, 'job') or contains(@href, 'career') or contains(@href, 'carreira')];https://broadcom.wd1.myworkdayjobs.com/External_Career;Y;
//div[@id=job-opening]//div[contains(@class,items-start)]//a;https://www.braze.com/company/careers#open-positions;Y;
//div[@data-accordion-component=AccordionItemPanel]//a;https://www.buzzfeed.com/about/jobs?edition=br;Y;
//article[contains(@class, editorial-card)]//a;https://www.elixirr.com/en-gb/job-openings/;Y;
//a[contains(@class,wp-block-cit-block-ciandt-link)];https://ciandt.com/us/en-us/careers/open-positions;Y;
//div[@id=job-search-results]//a;https://www.gapinc.com/en-us/careers/job-search?brand=Gap&currentPage=2;Y;
//div[contains(@class,information)]//a;https://careers.alight.com/us/en/search-results?from=40&s=1;Y;
//a[contains(text(),Candidatar)];https://www.cesar.org.br/vagas-em-aberto;Y;
//span[contains(@class,hidden-phone)]//a[@class=jobTitle-link];https://jobs.sap.com/search/?q=&locationsearch=&locale=en_US;Y;
//div[contains(@class,dream-positions)]//a;https://10up.com/careers/;Y;
//div[contains(@class,text-job)]//a;https://www.avenuecode.com.br/open-positions/;Y;
//ul[contains(@class,jobs)]//a;https://www.15five.com/about/careers/#open-positions;Y;
//td[contains(@class,views-field)]//a;https://www.novartis.com/careers/career-search?search_api_fulltext=&country%5B%5D=LOC_BR&early_talent=All;Y;
//div[contains(@class,information)]//a;https://careers.alight.com/us/en/search-results?from=50&s=1;Y;
//a[contains(@class,au-target) and contains(@ph-tevent,job_click)];https://careers.mars.com/br/pt/c/dados-an%C3%A1lises-e-insights-jobs;Y;
//li[@data-qa=searchResultItem]//a;https://hcml.fa.us2.oraclecloud.com/hcmUI/CandidateExperience/en/sites/AEO-Careers/jobs?lastSelectedFacet=LOCATIONS&selectedLocationsFacet=300000000300248&selectedCategoriesFacet=300000310850476;Y;
//a[contains(@class,au-target) and contains(@ph-tevent,job_click)];https://careers.mars.com/br/pt/c/estudantes-e-graduados-jobs;Y;
//a[contains(@class,au-target) and contains(@ph-tevent,job_click)];https://careers.mars.com/br/pt/c/supply-chain-e-engenharia-jobs;Y;
//div[@id=content]//a;https://careers.autotrader.co.uk/jobs/finance-business-operations/;Y;
//a[contains(@class,au-target) and contains(@ph-tevent,job_click)];https://careers.mars.com/br/pt/c/compras-jobs;Y;
//a[@data-testid=job-list__listitem-href];https://dasaprogramasdeentrada.gupy.io;Y;
//a[@data-testid=job-list__listitem-href];https://dasatecnologia.gupy.io;Y;
//a[contains(@class,au-target) and contains(@ph-tevent,job_click)];https://careers.mars.com/br/pt/c/finan%C3%A7as-jobs;Y;
//div[contains(@class,information)]//a;https://careers.alight.com/us/en/search-results?from=60&s=1;Y;
//a[contains(@class,au-target) and contains(@ph-tevent,job_click)];https://careers.mars.com/br/pt/c/marketing-jobs;Y;
//a[contains(@class,au-target) and contains(@ph-tevent,job_click)];https://careers.mars.com/br/pt/c/outros-jobs;Y;
//a[contains(@class,au-target) and contains(@ph-tevent,job_click)];https://careers.mars.com/br/pt/c/rd-jobs;Y;
//a[contains(@class,au-target) and contains(@ph-tevent,job_click)];https://careers.mars.com/br/pt/c/rh-jobs;Y;
//a[contains(@class,au-target) and contains(@ph-tevent,job_click)];https://careers.mars.com/br/pt/c/vendas-jobs;Y;
//div[contains(@class,information)]//a;https://careers.alight.com/us/en/search-results?from=70&s=1;Y;
//a[contains(@class,au-target) and contains(@ph-tevent,job_click)];https://careers.mars.com/br/pt/c/sales-jobs;Y;
//a[contains(@class,au-target) and contains(@ph-tevent,job_click)];https://careers.mars.com/br/pt/c/it-digital-jobs;Y;
//span[@key-role=headingRole]/a;https://careers.roche.com/global/en/search-results;Y;
//a[@data-testid=job-list__listitem-href];https://dasacorp.gupy.io;Y;
//div[@id=job-search-results]//a;https://www.gapinc.com/en-us/careers/job-search?brand=Gap&currentPage=3;Y;
//ul[@role=list]//a;https://3m.wd1.myworkdayjobs.com/pt-BR/Search;Y;
//div[contains(@class,information)]//a;https://careers.alight.com/us/en/search-results?from=80&s=1;Y;
//div[@id=jobs]//a;https://carreiras.leroymerlin.com.br/;Y;
//a[@data-testid=job-list__listitem-href];https://gruposabin.gupy.io/;Y;
//a[@data-testid=job-list__listitem-href];https://viacredi.gupy.io/;Y;
//li[@data-qa=searchResultItem]//a;https://hcml.fa.us2.oraclecloud.com/hcmUI/CandidateExperience/en/sites/AEO-Careers/jobs?lastSelectedFacet=LOCATIONS&selectedLocationsFacet=300000000281894&selectedCategoriesFacet=300000310850476;Y;
//div[@id=content]//a;https://careers.autotrader.co.uk/jobs/product-technology/;Y;
//div[contains(@class,information)]//a;https://careers.alight.com/us/en/search-results?from=90&s=1;Y;
//a[@data-testid=job-list__listitem-href];https://3coracoes.gupy.io/;Y;
//a[@data-testid=job-list__listitem-href];https://aeris.gupy.io/;Y;
//a[@data-testid=job-list__listitem-href];https://vivo.gupy.io/;Y;
//a[@data-testid=job-list__listitem-href];https://cielo.gupy.io/;Y;
//a[@data-testid=job-list__listitem-href];https://embraer.gupy.io/;Y;
//div[contains(@class, index__job-opportunities__grid__item)]//a;https://atracaodetalentos.totvs.app/vempratotvs/extended;Y;
//a[@data-testid=job-list__listitem-href];https://dasaassistencial.gupy.io;Y;
//ul[contains(@class, searchbycat)]//a;https://jobs.sephora.com/viewalljobs/50/;Y;
//a[@data-testid=job-list__listitem-href];https://eurofarma.gupy.io/;Y;
//a[@data-testid=job-list__listitem-href];https://viavarejo.gupy.io/;Y;
//a[@data-testid=job-list__listitem-href];https://vempra.gupy.io/?utm_source=site&utm_medium=footer;Y;
//div[@id=job-search-results]//a;https://www.gapinc.com/en-us/careers/job-search?brand=Gap&currentPage=4;Y;
//div[@id=content]//a;https://careers.autotrader.co.uk/jobs/sales-partnerships/;Y;
//a[@data-testid=job-list__listitem-href];https://tech-career.gupy.io/?utm_source=site&utm_medium=footer;Y;
//a[@data-testid=job-list__listitem-href];https://ambev.gupy.io/;Y;
//a[@data-testid=job-list__listitem-href];https://gpa.gupy.io/;Y;
//a[@data-testid=job-list__listitem-href];https://picpay.gupy.io/;Y;
//a[@data-testid=job-list__listitem-href];https://randon.gupy.io/;Y;
//a[@data-testid=job-list__listitem-href];https://dasaatendimento.gupy.io;Y;
//a[@data-testid=job-list__listitem-href];https://diversidasa.gupy.io;Y;
//a[@data-testid=job-list__listitem-href];https://promob.gupy.io/;Y;
//a[@data-testid=job-list__listitem-href];https://altamogiana.gupy.io/;Y;
//a[@data-testid=job-list__listitem-href];https://vereda.gupy.io/;Y;
//a[@data-testid=job-list__listitem-href];https://pmweb.gupy.io/;Y;
//a[@data-testid=job-list__listitem-href];https://sicredi.gupy.io/;Y;
//a[@data-testid=job-list__listitem-href];https://cocacola.gupy.io/;Y;
//a[@data-testid=job-list__listitem-href];https://assai.gupy.io/;Y;
//div[@id=job-search-results]//a;https://www.gapinc.com/en-us/careers/job-search?brand=Gap&currentPage=5;Y;
//a[@data-testid=job-list__listitem-href];https://petlove.gupy.io/;Y;
//a[@data-testid=job-list__listitem-href];https://cotesa.gupy.io/;Y;
//a[@data-testid=job-list__listitem-href];https://takeblip.gupy.io/;Y;
//a[@data-testid=job-list__listitem-href];https://oi.gupy.io/;Y;
//a[@data-testid=job-list__listitem-href];https://marisa.gupy.io/;Y;
//a[@data-testid=job-list__listitem-href];https://grupotrigo.gupy.io/;Y;
//a[@data-testid=job-list__listitem-href];https://duratex.gupy.io/;Y;
//a[@data-testid=job-list__listitem-href];https://vemprosmercadinhossaoluiz.gupy.io/;Y;
//a[@data-testid=job-list__listitem-href];https://atento.gupy.io/;Y;
//a[@data-testid=job-list__listitem-href];https://shibatasupermercados.gupy.io/;Y;
//a[@data-testid=job-list__listitem-href];https://aguasazuis.gupy.io/;Y;
//a[@data-testid=job-list__listitem-href];https://redebrasil.gupy.io/;Y;
//a[@data-testid=job-list__listitem-href];https://slcagricola.gupy.io/;Y;
//a[@data-testid=job-list__listitem-href];https://unidas.gupy.io/;Y;
//a[@data-testid=job-list__listitem-href];https://uberlandiarefrescos.gupy.io/;Y;
//a[@data-testid=job-list__listitem-href];https://unimedfortaleza.gupy.io/;Y;
//a[contains(@href, 'position') or contains(@href, 'vaga') or contains(@href, 'job') or contains(@href, 'career') or contains(@href, 'carreira')];https://www.bv.com.br/institucional/trabalhe-com-a-gente;Y;
//a[@data-testid=job-list__listitem-href];https://cea.gupy.io/;Y;
//a[contains(@href, 'position') or contains(@href, 'vaga') or contains(@href, 'job') or contains(@href, 'career') or contains(@href, 'carreira')];https://alelo.inhire.app/vagas;Y;
//a[@data-testid=job-list__listitem-href];https://cvccorp.gupy.io/;Y;
//ul[contains(@class, searchbycat)]//a;https://jobs.sephora.com/viewalljobs/100/;Y;
//a[@data-testid=job-list__listitem-href];https://paguemenosextrafarma.gupy.io/;Y;
//div[@id=job-search]//a;https://clearsale.gupy.io/;Y;
//a[@data-testid=job-list__listitem-href];https://jumpadtail.gupy.io/;Y;
//div[@id=job-search]//a;https://suzano.gupy.io/;Y;
//a[@data-testid=job-list__listitem-href];https://wiz.gupy.io/;Y;
//a[contains(@href, 'position') or contains(@href, 'vaga') or contains(@href, 'job') or contains(@href, 'career') or contains(@href, 'carreira')];https://icherry.inhire.app/vagas;Y;
//a[contains(@href, 'position') or contains(@href, 'vaga') or contains(@href, 'job') or contains(@href, 'career') or contains(@href, 'carreira')];https://mirum.inhire.app/vagas;Y;
//a[@data-testid=job-list__listitem-href];https://carreiras.riachuelo.com.br/;Y;
//a[@class=left-link];https://careers.astrazeneca.com/location/brazil-country-jobs/7684/3469034/2;Y;
//a[@class=text-dark];https://jobs.quickin.io/amplificadigital/jobs;Y;
//a[@class=text-dark];https://jobs.quickin.io/expertisegp/jobs;Y;
//h3[@class=listSingleColumnItemTitle]/a;https://rbcoats.avature.net/careers/SearchJobs/?3_47_3=898;Y;
//a[contains(@class,job-box)];https://trabalheconosco.vagas.com.br/copa-energia/oportunidades;Y;
//a[contains(@class,job-box)];https://trabalheconosco.vagas.com.br/hyundai/oportunidades;Y;
//a[contains(@class,job-box)];https://trabalheconosco.vagas.com.br/icatuseguros;Y;
//a[contains(@class,job-box)];https://trabalheconosco.vagas.com.br/libertyseguros/oportunidades;Y;
//a[contains(@class,job-box)];https://trabalheconosco.vagas.com.br/unimedrio/oportunidades?box_link=&division_id=50787&division_name=;Y;
//a[contains(@class,job-box)];https://trabalheconosco.vagas.com.br/schmersalbrasil;Y;
//section[@id=search-results-list]//a;https://carreiras.dell.com/search-jobs;Y;
//section[@id=search-results-list]//a;https://jobs.intuit.com/search-jobs/;Y;
//div[@class=content-block]//a[@class=au-target];https://careers.accor.com/global/en/c/corporate-social-responsibility-jobs;Y;
//div[@class=content-block]//a[@class=au-target];https://careers.accor.com/global/en/c/culinary-jobs;Y;
//div[@class=content-block]//a[@class=au-target];https://careers.accor.com/global/en/c/design-technical-services-jobs;Y;
//div[@class=content-block]//a[@class=au-target];https://careers.accor.com/global/en/c/digital-products-information-technology-data-analytics-jobs;Y;
//div[@class=content-block]//a[@class=au-target];https://careers.accor.com/global/en/c/engineering-maintenance-jobs;Y;
//div[@class=content-block]//a[@class=au-target];https://careers.accor.com/global/en/c/executive-hotel-management-jobs;Y;
//div[@class=content-block]//a[@class=au-target];https://careers.accor.com/global/en/c/finance-controlling-audit-accounting-business-analysis-jobs;Y;
//div[@class=content-block]//a[@class=au-target];https://careers.accor.com/global/en/c/food-beverage-jobs;Y;
//div[@class=content-block]//a[@class=au-target];https://careers.accor.com/global/en/c/legal-jobs;Y;
//div[@class=content-block]//a[@class=au-target];https://careers.accor.com/global/en/c/other-jobs;Y;
//div[@class=content-block]//a[@class=au-target];https://careers.accor.com/global/en/c/procurement-jobs;Y;
//div[@class=content-block]//a[@class=au-target];https://careers.accor.com/global/en/c/retail-jobs;Y;
//div[@class=content-block]//a[@class=au-target];https://careers.accor.com/global/en/c/rooms-jobs;Y;
//div[@class=content-block]//a[@class=au-target];https://careers.accor.com/global/en/c/sales-marketing-customer-loyalty-communication-revenue-management-pricing-jobs;Y;
//ul[contains(@class, searchbycat)]//a;https://jobs.sephora.com/viewalljobs/150/;Y;
//div[@class=content-block]//a[@class=au-target];https://careers.accor.com/global/en/c/security-jobs;Y;
//div[@class=content-block]//a[@class=au-target];https://careers.accor.com/global/en/c/talent-culture-jobs;Y;
//div[@class=content-block]//a[@class=au-target];https://careers.accor.com/global/en/c/wellness-recreation-jobs;Y;
//div[@class=content-block]//a[@class=au-target];https://careers.accor.com/global/en/c/administration-support-jobs;Y;
//div[@class=content-block]//a[@class=au-target];https://careers.accor.com/global/en/c/business-development-jobs;Y;
//a[@class=font-size-mobile];https://mercadolivre.randstad.com.br/LP_MercadoLivre_V2/;Y;
//div[contains(@class,vaga-wrapper)]//a;https://www.sesc-rs.com.br/trabalheconosco/vagas/;Y;
//div[contains(@id,detalheVagaDescricao)]//a;https://www.portalsinergyrh.com.br/Portal/MeuPortal/MeuPortal?empresa=1490&master=1;Y;
//div[@id=vacanciesList]//a;https://jobs.solides.com/gruposaga#;Y;
//div[contains(@class,p-panel)]//a[@data-tag=displayJobTitle];https://bradesco.csod.com/ux/ats/careersite/1/home?c=bradesco;Y;
//div[contains(@class,bx--card__content)]//a[contains(@rel,noopener)];https://www.ibm.com/careers/br-pt/search/?filters=primary_country:BR;Y;
//div[contains(@class,spf-common-search-item-header)]//a;https://talentconnection-jobs.sabacloud.com/Saba/Web_spf/NA1PRD0099/jobs-jobs/career/searchresult/;Y;
//a[contains(@class, course-title)];https://www.institutofecomerciodf.com.br/vagas/;Y;
//a[contains(@class,navbar-brand)];https://www.agiel.com.br/site/vagas/;Y;
//a[contains(@class,navbar-brand)];http://employerestagios.com.br/;Y;
//div[@class=informacoes-header]//a;https://www.vagas.com.br/vagas-de-stag-estagios?;Y;
//div[contains(@class,multiline-data-container)]//span//a;https://oracle.taleo.net/careersection/2/jobsearch.ftl?f=LOCATION(362940031553);Y;
//nav[contains(@class,menu-footer)]//a[text()=Trabalhe Conosco];https://www.dn.senac.br/;Y;
//td//a[contains(@class,joblist__link job__position)];https://www.volvogroup.com/br/careers/job-openings.html#page=1&countries=Brazil;Y;
//h2//a[contains(@class,au-target)];https://careers.microsoft.com/us/en/search-results?keywords=brazil&_ga=2.18086970.243575399.1540493310-1941477767.1529592176&rt=professional;Y;
//span[@role=heading]//a[contains(@class,au-target)];https://jobs.hilton.com/us/ptbr/search-results?keywords=brazil;Y;
//div[contains(@class,apply-button-container)]//a;https://careers.bms.com/jobs?location=Brazil&woe=12&stretchUnit=MILES&stretch=0&sortBy=distance_from&page=1;Y;
//ol[contains(@class,m-layout)]//a;https://www.workingatdllgroup.com/en/Vacancies?el=&co=Brazil&wf=;Y;
//div[contains(@class,opening)]//a;https://boards.greenhouse.io/lift;Y;
//div[contains(@class,opening)]//a;https://boards.greenhouse.io/tripadvisor;Y;
//div[contains(@class,opening)]//a;https://boards.greenhouse.io/willowtree;Y;
//div[contains(@class,opening)]//a;https://boards.greenhouse.io/Datto;Y;
//div[contains(@class,opening)]//a;https://boards.greenhouse.io/Thumbtack;Y;
//div[contains(@class,opening)]//a;https://boards.greenhouse.io/VaynerMedia;Y;
//div[contains(@class,opening)]//a;https://boards.greenhouse.io/KeepTruckin;Y;
//div[contains(@class,opening)]//a;https://boards.greenhouse.io/Checkr;Y;
//div[contains(@class,opening)]//a;https://boards.greenhouse.io/Nutrabolt;Y;
//div[contains(@class,opening)]//a;https://boards.greenhouse.io/ebanx;Y;
//div[contains(@class,opening)]//a;https://boards.greenhouse.io/invision;Y;
//div[contains(@class,opening)]//a;https://boards.greenhouse.io/harrys;Y;
//div[contains(@class,opening)]//a;https://boards.greenhouse.io/donorschoose;Y;
//a[contains(@href, 'position') or contains(@href, 'vaga') or contains(@href, 'job') or contains(@href, 'career') or contains(@href, 'carreira')];https://santander.wd3.myworkdayjobs.com/SantanderCareers/0/refreshFacet/318c8bb6f553100021d223d9780d30be;Y;
//ul[contains(@class, searchbycat)]//a;https://jobs.sephora.com/viewalljobs/200/;Y;
//div[contains(@class,careers-list__items)]//a;https://www.squarespace.com/about/careers;Y;
//div[contains(@class,result)]//a;https://www.jdpower.com/business/careers/jobs;Y;
//section[contains(@class,JobSearchPanel)]//a;https://www.wayfair.com/careers/jobs;Y;
//div[contains(@class,jobs)]//a;https://www.messagebird.com/en/careers/;Y;
//div[contains(@class,job-search-results-card-body)]//a;https://careers.toasttab.com/jobs/search;Y;
//ul[contains(@class,jobs)]//a;https://www.verifone.com/en/careers/search;Y;
//div[contains(@class,route-container)]//a;https://www.nerdwallet.com/careers/content;Y;
//div[contains(@class,route-container)]//a;https://www.nerdwallet.com/careers/business;Y;
//div[contains(@class,route-container)]//a;https://www.nerdwallet.com/careers/compliance-and-legal;Y;
//div[contains(@class,route-container)]//a;https://www.nerdwallet.com/careers/administration;Y;
//div[contains(@class,route-container)]//a;https://www.nerdwallet.com/careers/data;Y;
//div[contains(@class,route-container)]//a;https://www.nerdwallet.com/careers/design-and-user-experience;Y;
//div[contains(@class,route-container)]//a;https://www.nerdwallet.com/careers/engineering;Y;
//div[contains(@class,route-container)]//a;https://www.nerdwallet.com/careers/finance-and-accounting;Y;
//div[contains(@class,route-container)]//a;https://www.nerdwallet.com/careers/it;Y;
//div[contains(@class,route-container)]//a;https://www.nerdwallet.com/careers/marketing;Y;
//div[contains(@class,route-container)]//a;https://www.nerdwallet.com/careers/people-operations;Y;
//div[contains(@class,route-container)]//a;https://www.nerdwallet.com/careers/product-management;Y;
//div[contains(@class,route-container)]//a;https://www.nerdwallet.com/careers/sales;Y;
//div[contains(@class,route-container)]//a;https://www.nerdwallet.com/careers/user-operations;Y;
//a[contains(@class,c-card)];https://www.wise.jobs/search/?sort=oldest/;Y;
//div[contains(@class,jp-link_wrapper)]//a;https://careers.doordash.com/job-search;Y;
//section[contains(@id,openings)]//a;https://www.lyft.com/careers;Y;
//div[contains(@class,opening)]//a;https://www.apixio.com/join-apixio/;Y;
//div[contains(@name,job_listings)]//ul//a;https://seatgeek.com/jobs;Y;
//span[contains(@class,job-title)]//a;https://www.savatreecareers.com/jobs/search;Y;
//div[contains(@id,grnhse_app_wrapper)]//a;https://www.stitchfix.com/careers/jobs;Y;
//ul[contains(@class, searchbycat)]//a;https://jobs.sephora.com/viewalljobs/250/;Y;
//div[contains(@class,jobTitle)]//a;https://www.pinterestcareers.com/job-search-results/;Y;
//li[contains(@class,available-jobs-list__item)]//a;https://www.mobilityware.com/all-jobs;Y;
//div[contains(@class,opening)]//a;https://www.jwplayer.com/careers/job-openings;Y;
//span[contains(@role,heading)]//a;https://careers.hellofresh.com/global/en/australia#SearchJobs;Y;
//span[contains(@role,heading)]//a;https://careers.hellofresh.com/global/en/benelux;Y;
//span[contains(@role,heading)]//a;https://careers.hellofresh.com/global/en/canada;Y;
//span[contains(@role,heading)]//a;https://careers.hellofresh.com/global/en/france;Y;
//ul[contains(@class, searchbycat)]//a;https://jobs.sephora.com/viewalljobs/350/;Y;
//span[contains(@role,heading)]//a;https://careers.hellofresh.com/global/en/germany;Y;
//span[contains(@role,heading)]//a;https://careers.hellofresh.com/global/en/italy;Y;
//span[contains(@role,heading)]//a;https://careers.hellofresh.com/global/en/newzealand;Y;
//span[contains(@role,heading)]//a;https://careers.hellofresh.com/global/en/nordics;Y;
//span[contains(@role,heading)]//a;https://careers.hellofresh.com/global/en/usa;Y;
//span[contains(@role,heading)]//a;https://careers.hellofresh.com/global/en/spain;Y;
//span[contains(@role,heading)]//a;https://careers.hellofresh.com/global/en/unitedkingdom;Y;
//ul[contains(@class, searchbycat)]//a;https://jobs.sephora.com/viewalljobs/300/;Y;
//ul[contains(@class, searchbycat)]//a;https://jobs.sephora.com/viewalljobs/400/;Y;
