//a[contains(@href, 'position') or contains(@href, 'vaga') or contains(@href, 'job') or contains(@href, 'career') or contains(@href, 'carreira')];https://ambaum.com/;Y;
//a[contains(@href, 'position') or contains(@href, 'vaga') or contains(@href, 'job') or contains(@href, 'career') or contains(@href, 'carreira')];https://andela.com/;Y;
//a[contains(@href, 'position') or contains(@href, 'vaga') or contains(@href, 'job') or contains(@href, 'career') or contains(@href, 'carreira')];https://www.animalz.co;Y;
//a[contains(@href, 'position') or contains(@href, 'vaga') or contains(@href, 'job') or contains(@href, 'career') or contains(@href, 'carreira')];https://www.annertech.com;Y;
//a[contains(@href, 'position') or contains(@href, 'vaga') or contains(@href, 'job') or contains(@href, 'career') or contains(@href, 'carreira')];https://www.anomali.com/company/careers;Y;
//a[contains(@href, 'position') or contains(@href, 'vaga') or contains(@href, 'job') or contains(@href, 'career') or contains(@href, 'carreira')];http://www.apartmenttherapy.com/;Y;
//a[contains(@href, 'position') or contains(@href, 'vaga') or contains(@href, 'job') or contains(@href, 'career') or contains(@href, 'carreira')];https://appinio.com/;Y;
//a[contains(@href, 'position') or contains(@href, 'vaga') or contains(@href, 'job') or contains(@href, 'career') or contains(@href, 'carreira')];https://applaudostudios.com;Y;
//a[contains(@href, 'position') or contains(@href, 'vaga') or contains(@href, 'job') or contains(@href, 'career') or contains(@href, 'carreira')];https://www.appstractor.com/;Y;
//a[contains(@href, 'position') or contains(@href, 'vaga') or contains(@href, 'job') or contains(@href, 'career') or contains(@href, 'carreira')];https://appwrite.io;Y;//a[contains(@href, 'position') or contains(@href, 'vaga') or contains(@href, 'job') or contains(@href, 'career') or contains(@href, 'carreira')];https://argyle.com/;Y;
//a[contains(@href, 'position') or contains(@href, 'vaga') or contains(@href, 'job') or contains(@href, 'career') or contains(@href, 'carreira')];https://www.ark.io/careers;Y;
//a[contains(@href, 'position') or contains(@href, 'vaga') or contains(@href, 'job') or contains(@href, 'career') or contains(@href, 'carreira')];https://arkency.com/;Y;
//a[contains(@href, 'position') or contains(@href, 'vaga') or contains(@href, 'job') or contains(@href, 'career') or contains(@href, 'carreira')];https://artandlogic.com;Y;
//a[contains(@href, 'position') or contains(@href, 'vaga') or contains(@href, 'job') or contains(@href, 'career') or contains(@href, 'carreira')];https://www.artefactual.com;Y;
//a[contains(@href, 'position') or contains(@href, 'vaga') or contains(@href, 'job') or contains(@href, 'career') or contains(@href, 'carreira')];https://www.articulate.com;Y;
//a[contains(@href, 'position') or contains(@href, 'vaga') or contains(@href, 'job') or contains(@href, 'career') or contains(@href, 'carreira')];https://www.astronomer.io/;Y;
//a[contains(@href, 'position') or contains(@href, 'vaga') or contains(@href, 'job') or contains(@href, 'career') or contains(@href, 'carreira')];https://www.atlassian.com/;Y;
//a[contains(@href, 'position') or contains(@href, 'vaga') or contains(@href, 'job') or contains(@href, 'career') or contains(@href, 'carreira')];https://www.audiense.com/;Y;
//a[contains(@href, 'position') or contains(@href, 'vaga') or contains(@href, 'job') or contains(@href, 'career') or contains(@href, 'carreira')];https://aula.education/;Y;
//a[contains(@href, 'position') or contains(@href, 'vaga') or contains(@href, 'job') or contains(@href, 'career') or contains(@href, 'carreira')];https://auth0.com/;Y;
//a[contains(@href, 'position') or contains(@href, 'vaga') or contains(@href, 'job') or contains(@href, 'career') or contains(@href, 'carreira')];https://automattic.com/;Y;
//a[contains(@href, 'position') or contains(@href, 'vaga') or contains(@href, 'job') or contains(@href, 'career') or contains(@href, 'carreira')];https://axelerant.com/;Y;
//a[contains(@href, 'position') or contains(@href, 'vaga') or contains(@href, 'job') or contains(@href, 'career') or contains(@href, 'carreira')];https://axios.com/;Y;
//a[contains(@href, 'position') or contains(@href, 'vaga') or contains(@href, 'job') or contains(@href, 'career') or contains(@href, 'carreira')];https://bairesdev.com/;Y;
//a[contains(@href, 'position') or contains(@href, 'vaga') or contains(@href, 'job') or contains(@href, 'career') or contains(@href, 'carreira')];https://www.balena.io/;Y;
//a[contains(@href, 'position') or contains(@href, 'vaga') or contains(@href, 'job') or contains(@href, 'career') or contains(@href, 'carreira')];https://balsamiq.com/;Y;
//a[contains(@href, 'position') or contains(@href, 'vaga') or contains(@href, 'job') or contains(@href, 'career') or contains(@href, 'carreira')];https://bandcamp.com/;Y;
//a[contains(@href, 'position') or contains(@href, 'vaga') or contains(@href, 'job') or contains(@href, 'career') or contains(@href, 'carreira')];https://bandlab.com/;Y;
//a[contains(@href, 'position') or contains(@href, 'vaga') or contains(@href, 'job') or contains(@href, 'career') or contains(@href, 'carreira')];https://bandzoogle.com/;Y;
//a[contains(@href, 'position') or contains(@href, 'vaga') or contains(@href, 'job') or contains(@href, 'career') or contains(@href, 'carreira')];https://baremetrics.com/;Y;
//a[contains(@href, 'position') or contains(@href, 'vaga') or contains(@href, 'job') or contains(@href, 'career') or contains(@href, 'carreira')];https://basecamp.com/;Y;
//a[contains(@href, 'position') or contains(@href, 'vaga') or contains(@href, 'job') or contains(@href, 'career') or contains(@href, 'carreira')];https://www.beargroup.com/;Y;
//a[contains(@href, 'position') or contains(@href, 'vaga') or contains(@href, 'job') or contains(@href, 'career') or contains(@href, 'carreira')];https://bebanjo.com/;Y;
//a[contains(@href, 'position') or contains(@href, 'vaga') or contains(@href, 'job') or contains(@href, 'career') or contains(@href, 'carreira')];https://www.beenverified.com/;Y;
//a[contains(@href, 'position') or contains(@href, 'vaga') or contains(@href, 'job') or contains(@href, 'career') or contains(@href, 'carreira')];https://bestpractical.com/;Y;
//a[contains(@href, 'position') or contains(@href, 'vaga') or contains(@href, 'job') or contains(@href, 'career') or contains(@href, 'carreira')];https://corp.betable.com/;Y;
//a[contains(@href, 'position') or contains(@href, 'vaga') or contains(@href, 'job') or contains(@href, 'career') or contains(@href, 'carreira')];https://betapeak.com/;Y;
//a[contains(@href, 'position') or contains(@href, 'vaga') or contains(@href, 'job') or contains(@href, 'career') or contains(@href, 'carreira')];https://www.betterup.com/;Y;
//a[contains(@href, 'position') or contains(@href, 'vaga') or contains(@href, 'job') or contains(@href, 'career') or contains(@href, 'carreira')];https://beyondcompany.com.br/;Y;
//a[contains(@href, 'position') or contains(@href, 'vaga') or contains(@href, 'job') or contains(@href, 'career') or contains(@href, 'carreira')];https://beyondpricing.com;Y;
//a[contains(@href, 'position') or contains(@href, 'vaga') or contains(@href, 'job') or contains(@href, 'career') or contains(@href, 'carreira')];https://www.bigcartel.com;Y;
//a[contains(@href, 'position') or contains(@href, 'vaga') or contains(@href, 'job') or contains(@href, 'career') or contains(@href, 'carreira')];https://www.bill.com/;Y;
//a[contains(@href, 'position') or contains(@href, 'vaga') or contains(@href, 'job') or contains(@href, 'career') or contains(@href, 'carreira')];https://bitzesty.com/;Y;
//a[contains(@href, 'position') or contains(@href, 'vaga') or contains(@href, 'job') or contains(@href, 'career') or contains(@href, 'carreira')];https://bitnami.com/;Y;
//a[contains(@href, 'position') or contains(@href, 'vaga') or contains(@href, 'job') or contains(@href, 'career') or contains(@href, 'carreira')];https://bitovi.com/;Y;
//a[contains(@href, 'position') or contains(@href, 'vaga') or contains(@href, 'job') or contains(@href, 'career') or contains(@href, 'carreira')];https://bizinkonline.com;Y;
//a[contains(@href, 'position') or contains(@href, 'vaga') or contains(@href, 'job') or contains(@href, 'career') or contains(@href, 'carreira')];https://www.blameless.com/;Y;
//a[contains(@href, 'position') or contains(@href, 'vaga') or contains(@href, 'job') or contains(@href, 'career') or contains(@href, 'carreira')];https://www.bloc.io/;Y;
//a[contains(@href, 'position') or contains(@href, 'vaga') or contains(@href, 'job') or contains(@href, 'career') or contains(@href, 'carreira')];https://bluecatnetworks.com/;Y;
//a[contains(@href, 'position') or contains(@href, 'vaga') or contains(@href, 'job') or contains(@href, 'career') or contains(@href, 'carreira')];https://www.bluespark.com/;Y;
//a[contains(@href, 'position') or contains(@href, 'vaga') or contains(@href, 'job') or contains(@href, 'career') or contains(@href, 'carreira')];https://boldare.com;Y;
//a[contains(@href, 'position') or contains(@href, 'vaga') or contains(@href, 'job') or contains(@href, 'career') or contains(@href, 'carreira')];https://www.hellobonsai.com;Y;
//a[contains(@href, 'position') or contains(@href, 'vaga') or contains(@href, 'job') or contains(@href, 'career') or contains(@href, 'carreira')];https://bounteous.com;Y;
//a[contains(@href, 'position') or contains(@href, 'vaga') or contains(@href, 'job') or contains(@href, 'career') or contains(@href, 'carreira')];https://brainstormforce.com/;Y;
//a[contains(@href, 'position') or contains(@href, 'vaga') or contains(@href, 'job') or contains(@href, 'career') or contains(@href, 'carreira')];https://www.crunchbase.com/organization/brave-investment;Y;
//a[contains(@href, 'position') or contains(@href, 'vaga') or contains(@href, 'job') or contains(@href, 'career') or contains(@href, 'carreira')];https://www.brightfunds.org;Y;
//a[contains(@href, 'position') or contains(@href, 'vaga') or contains(@href, 'job') or contains(@href, 'career') or contains(@href, 'carreira')];https://www.brikl.com/;Y;
//a[contains(@href, 'position') or contains(@href, 'vaga') or contains(@href, 'job') or contains(@href, 'career') or contains(@href, 'carreira')];https://britecore.com/;Y;
//a[contains(@href, 'position') or contains(@href, 'vaga') or contains(@href, 'job') or contains(@href, 'career') or contains(@href, 'carreira')];https://www.broadwing.io/;Y;
//a[contains(@href, 'position') or contains(@href, 'vaga') or contains(@href, 'job') or contains(@href, 'career') or contains(@href, 'carreira')];https://buffer.com/;Y;
//a[contains(@href, 'position') or contains(@href, 'vaga') or contains(@href, 'job') or contains(@href, 'career') or contains(@href, 'carreira')];https://bugfender.com/;Y;
//a[contains(@href, 'position') or contains(@href, 'vaga') or contains(@href, 'job') or contains(@href, 'career') or contains(@href, 'carreira')];https://www.buysellads.com/;Y;
//a[contains(@href, 'position') or contains(@href, 'vaga') or contains(@href, 'job') or contains(@href, 'career') or contains(@href, 'carreira')];https://cabify.com/;Y;
//a[contains(@href, 'position') or contains(@href, 'vaga') or contains(@href, 'job') or contains(@href, 'career') or contains(@href, 'carreira')];https://calamari.io/;Y;
//a[contains(@href, 'position') or contains(@href, 'vaga') or contains(@href, 'job') or contains(@href, 'career') or contains(@href, 'carreira')];https://calibreapp.com/;Y;
//a[contains(@href, 'position') or contains(@href, 'vaga') or contains(@href, 'job') or contains(@href, 'career') or contains(@href, 'carreira')];https://www.cancom.com/;Y;
//a[contains(@href, 'position') or contains(@href, 'vaga') or contains(@href, 'job') or contains(@href, 'career') or contains(@href, 'carreira')];https://www.canonical.com/;Y;
//a[contains(@href, 'position') or contains(@href, 'vaga') or contains(@href, 'job') or contains(@href, 'career') or contains(@href, 'carreira')];https://www.capchase.com/;Y;
//a[contains(@href, 'position') or contains(@href, 'vaga') or contains(@href, 'job') or contains(@href, 'career') or contains(@href, 'carreira')];https://www.capitalonecareers.com/tech;Y;
//a[contains(@href, 'position') or contains(@href, 'vaga') or contains(@href, 'job') or contains(@href, 'career') or contains(@href, 'carreira')];https://www.carbonblack.com/;Y;
//a[contains(@href, 'position') or contains(@href, 'vaga') or contains(@href, 'job') or contains(@href, 'career') or contains(@href, 'carreira')];https://cardsagainsthumanity.com/;Y;
//a[contains(@href, 'position') or contains(@href, 'vaga') or contains(@href, 'job') or contains(@href, 'career') or contains(@href, 'carreira')];https://carecru.com;Y;
//a[contains(@href, 'position') or contains(@href, 'vaga') or contains(@href, 'job') or contains(@href, 'career') or contains(@href, 'carreira')];https://caremessage.org/careers/;Y;
//a[contains(@href, 'position') or contains(@href, 'vaga') or contains(@href, 'job') or contains(@href, 'career') or contains(@href, 'carreira')];https://cartodb.com/;Y;
//a[contains(@href, 'position') or contains(@href, 'vaga') or contains(@href, 'job') or contains(@href, 'career') or contains(@href, 'carreira')];https://www.cartstack.com/;Y;
//a[contains(@href, 'position') or contains(@href, 'vaga') or contains(@href, 'job') or contains(@href, 'career') or contains(@href, 'carreira')];https://www.casumo.com/;Y;
//a[contains(@href, 'position') or contains(@href, 'vaga') or contains(@href, 'job') or contains(@href, 'career') or contains(@href, 'carreira')];https://celsius.network/;Y;
//a[contains(@href, 'position') or contains(@href, 'vaga') or contains(@href, 'job') or contains(@href, 'career') or contains(@href, 'carreira')];https://chainlinklabs.com/;Y;
//a[contains(@href, 'position') or contains(@href, 'vaga') or contains(@href, 'job') or contains(@href, 'career') or contains(@href, 'carreira')];https://www.chargify.com/;Y;
//a[contains(@href, 'position') or contains(@href, 'vaga') or contains(@href, 'job') or contains(@href, 'career') or contains(@href, 'carreira')];https://www.charitywater.org/;Y;
//a[contains(@href, 'position') or contains(@href, 'vaga') or contains(@href, 'job') or contains(@href, 'career') or contains(@href, 'carreira')];https://chatgen.ai/;Y;
//a[contains(@href, 'position') or contains(@href, 'vaga') or contains(@href, 'job') or contains(@href, 'career') or contains(@href, 'carreira')];https://www.checklyhq.com;Y;
//a[contains(@href, 'position') or contains(@href, 'vaga') or contains(@href, 'job') or contains(@href, 'career') or contains(@href, 'carreira')];https://www.chef.io/;Y;
//a[contains(@href, 'position') or contains(@href, 'vaga') or contains(@href, 'job') or contains(@href, 'career') or contains(@href, 'carreira')];https://www.chefsclub.com.br/;Y;
//a[contains(@href, 'position') or contains(@href, 'vaga') or contains(@href, 'job') or contains(@href, 'career') or contains(@href, 'carreira')];https://www.chess.com/jobs/;Y;
//a[contains(@href, 'position') or contains(@href, 'vaga') or contains(@href, 'job') or contains(@href, 'career') or contains(@href, 'carreira')];https://hichroma.com/;Y;
//a[contains(@href, 'position') or contains(@href, 'vaga') or contains(@href, 'job') or contains(@href, 'career') or contains(@href, 'carreira')];https://circleci.com/;Y;
//a[contains(@href, 'position') or contains(@href, 'vaga') or contains(@href, 'job') or contains(@href, 'career') or contains(@href, 'carreira')];https://circonus.com/;Y;
//a[contains(@href, 'position') or contains(@href, 'vaga') or contains(@href, 'job') or contains(@href, 'career') or contains(@href, 'carreira')];https://civicactions.com/;Y;
//a[contains(@href, 'position') or contains(@href, 'vaga') or contains(@href, 'job') or contains(@href, 'career') or contains(@href, 'carreira')];https://www.civo.com;Y;
//a[contains(@href, 'position') or contains(@href, 'vaga') or contains(@href, 'job') or contains(@href, 'career') or contains(@href, 'carreira')];https://clevertech.biz/;Y;
//a[contains(@href, 'position') or contains(@href, 'vaga') or contains(@href, 'job') or contains(@href, 'career') or contains(@href, 'carreira')];https://clickup.com/;Y;
//a[contains(@href, 'position') or contains(@href, 'vaga') or contains(@href, 'job') or contains(@href, 'career') or contains(@href, 'carreira')];https://www.clootrack.com/;Y;
//a[contains(@href, 'position') or contains(@href, 'vaga') or contains(@href, 'job') or contains(@href, 'career') or contains(@href, 'carreira')];https://close.com;Y;
//a[contains(@href, 'position') or contains(@href, 'vaga') or contains(@href, 'job') or contains(@href, 'career') or contains(@href, 'carreira')];https://getcloudapp.com;Y;
//a[contains(@href, 'position') or contains(@href, 'vaga') or contains(@href, 'job') or contains(@href, 'career') or contains(@href, 'carreira')];https://coalitiontechnologies.com/;Y;
//a[contains(@href, 'position') or contains(@href, 'vaga') or contains(@href, 'job') or contains(@href, 'career') or contains(@href, 'carreira')];https://codelikeagirl.com;Y;
//a[contains(@href, 'position') or contains(@href, 'vaga') or contains(@href, 'job') or contains(@href, 'career') or contains(@href, 'carreira')];https://www.codeait.com;Y;
//a[contains(@href, 'position') or contains(@href, 'vaga') or contains(@href, 'job') or contains(@href, 'career') or contains(@href, 'carreira')];https://codepen.io;Y;
//a[contains(@href, 'position') or contains(@href, 'vaga') or contains(@href, 'job') or contains(@href, 'career') or contains(@href, 'carreira')];https://codesandbox.io;Y;
//a[contains(@href, 'position') or contains(@href, 'vaga') or contains(@href, 'job') or contains(@href, 'career') or contains(@href, 'carreira')];https://codeship.com/;Y;
//a[contains(@href, 'position') or contains(@href, 'vaga') or contains(@href, 'job') or contains(@href, 'career') or contains(@href, 'carreira')];https://codestunts.com/;Y;
//a[contains(@href, 'position') or contains(@href, 'vaga') or contains(@href, 'job') or contains(@href, 'career') or contains(@href, 'carreira')];https://cofense.com;Y;
//a[contains(@href, 'position') or contains(@href, 'vaga') or contains(@href, 'job') or contains(@href, 'career') or contains(@href, 'carreira')];https://www.coinbase.com;Y;
//a[contains(@href, 'position') or contains(@href, 'vaga') or contains(@href, 'job') or contains(@href, 'career') or contains(@href, 'carreira')];https://coingape.com/;Y;
//a[contains(@href, 'position') or contains(@href, 'vaga') or contains(@href, 'job') or contains(@href, 'career') or contains(@href, 'carreira')];https://www.collabora.com/;Y;
//a[contains(@href, 'position') or contains(@href, 'vaga') or contains(@href, 'job') or contains(@href, 'career') or contains(@href, 'carreira')];https://www.comet.co/;Y;
//a[contains(@href, 'position') or contains(@href, 'vaga') or contains(@href, 'job') or contains(@href, 'career') or contains(@href, 'carreira')];https://www.compose.io/;Y;
//a[contains(@href, 'position') or contains(@href, 'vaga') or contains(@href, 'job') or contains(@href, 'career') or contains(@href, 'carreira')];https://www.compucorp.co.uk;Y;
//a[contains(@href, 'position') or contains(@href, 'vaga') or contains(@href, 'job') or contains(@href, 'career') or contains(@href, 'carreira')];https://www.connexa.com/;Y;
//a[contains(@href, 'position') or contains(@href, 'vaga') or contains(@href, 'job') or contains(@href, 'career') or contains(@href, 'carreira')];https://consensys.net/;Y;
//a[contains(@href, 'position') or contains(@href, 'vaga') or contains(@href, 'job') or contains(@href, 'career') or contains(@href, 'carreira')];https://www.consumerfinance.gov;Y;
//a[contains(@href, 'position') or contains(@href, 'vaga') or contains(@href, 'job') or contains(@href, 'career') or contains(@href, 'carreira')];https://www.continu.co/;Y;
//a[contains(@href, 'position') or contains(@href, 'vaga') or contains(@href, 'job') or contains(@href, 'career') or contains(@href, 'carreira')];https://conversio.com/;Y;
//a[contains(@href, 'position') or contains(@href, 'vaga') or contains(@href, 'job') or contains(@href, 'career') or contains(@href, 'carreira')];https://www.convert.com;Y;
//a[contains(@href, 'position') or contains(@href, 'vaga') or contains(@href, 'job') or contains(@href, 'career') or contains(@href, 'carreira')];https://coodesh.com/;Y;
//a[contains(@href, 'position') or contains(@href, 'vaga') or contains(@href, 'job') or contains(@href, 'career') or contains(@href, 'carreira')];https://www.core-apps.com/;Y;
//a[contains(@href, 'position') or contains(@href, 'vaga') or contains(@href, 'job') or contains(@href, 'career') or contains(@href, 'carreira')];https://coreos.com/;Y;
//a[contains(@href, 'position') or contains(@href, 'vaga') or contains(@href, 'job') or contains(@href, 'career') or contains(@href, 'carreira')];https://corgibytes.com;Y;
//a[contains(@href, 'position') or contains(@href, 'vaga') or contains(@href, 'job') or contains(@href, 'career') or contains(@href, 'carreira')];https://www.coursera.org/;Y;
//a[contains(@href, 'position') or contains(@href, 'vaga') or contains(@href, 'job') or contains(@href, 'career') or contains(@href, 'carreira')];https://www.crossover.com;Y;
//a[contains(@href, 'position') or contains(@href, 'vaga') or contains(@href, 'job') or contains(@href, 'career') or contains(@href, 'carreira')];https://www.crowdstrike.com;Y;
//a[contains(@href, 'position') or contains(@href, 'vaga') or contains(@href, 'job') or contains(@href, 'career') or contains(@href, 'carreira')];https://crowdtangle.com;Y;
//a[contains(@href, 'position') or contains(@href, 'vaga') or contains(@href, 'job') or contains(@href, 'career') or contains(@href, 'carreira')];https://cueup.io/;Y;
//a[contains(@href, 'position') or contains(@href, 'vaga') or contains(@href, 'job') or contains(@href, 'career') or contains(@href, 'carreira')];https://customer.io;Y;
//a[contains(@href, 'position') or contains(@href, 'vaga') or contains(@href, 'job') or contains(@href, 'career') or contains(@href, 'carreira')];https://cuvette.tech;Y;
//a[contains(@href, 'position') or contains(@href, 'vaga') or contains(@href, 'job') or contains(@href, 'career') or contains(@href, 'carreira')];https://jobs.cvshealth.com/;Y;
//a[contains(@href, 'position') or contains(@href, 'vaga') or contains(@href, 'job') or contains(@href, 'career') or contains(@href, 'carreira')];https://www.mycwt.com/;Y;
//a[contains(@href, 'position') or contains(@href, 'vaga') or contains(@href, 'job') or contains(@href, 'career') or contains(@href, 'carreira')];https://cyberwhale.tech;Y;
//a[contains(@href, 'position') or contains(@href, 'vaga') or contains(@href, 'job') or contains(@href, 'career') or contains(@href, 'carreira')];https://dalenys.com/;Y;
//a[contains(@href, 'position') or contains(@href, 'vaga') or contains(@href, 'job') or contains(@href, 'career') or contains(@href, 'carreira')];https://dappradar.com/;Y;
//a[contains(@href, 'position') or contains(@href, 'vaga') or contains(@href, 'job') or contains(@href, 'career') or contains(@href, 'carreira')];https://darecode.com/;Y;
//a[contains(@href, 'position') or contains(@href, 'vaga') or contains(@href, 'job') or contains(@href, 'career') or contains(@href, 'carreira')];https://dashboardhub.io;Y;
//a[contains(@href, 'position') or contains(@href, 'vaga') or contains(@href, 'job') or contains(@href, 'career') or contains(@href, 'carreira')];https://dashlane.com;Y;
//a[contains(@href, 'position') or contains(@href, 'vaga') or contains(@href, 'job') or contains(@href, 'career') or contains(@href, 'carreira')];https://dsbrigade.com/;Y;
//a[contains(@href, 'position') or contains(@href, 'vaga') or contains(@href, 'job') or contains(@href, 'career') or contains(@href, 'carreira')];https://datasciencedojo.com/;Y;
//a[contains(@href, 'position') or contains(@href, 'vaga') or contains(@href, 'job') or contains(@href, 'career') or contains(@href, 'carreira')];https://www.datacamp.com/;Y;
//a[contains(@href, 'position') or contains(@href, 'vaga') or contains(@href, 'job') or contains(@href, 'career') or contains(@href, 'carreira')];https://www.datadoghq.com/;Y;
//a[contains(@href, 'position') or contains(@href, 'vaga') or contains(@href, 'job') or contains(@href, 'career') or contains(@href, 'carreira')];https://www.datastax.com/;Y;
//a[contains(@href, 'position') or contains(@href, 'vaga') or contains(@href, 'job') or contains(@href, 'career') or contains(@href, 'carreira')];https://datica.com/;Y;
//a[contains(@href, 'position') or contains(@href, 'vaga') or contains(@href, 'job') or contains(@href, 'career') or contains(@href, 'carreira')];http://www.dealdash.com;Y;
//a[contains(@href, 'position') or contains(@href, 'vaga') or contains(@href, 'job') or contains(@href, 'career') or contains(@href, 'carreira')];https://delighted.com;Y;
//a[contains(@href, 'position') or contains(@href, 'vaga') or contains(@href, 'job') or contains(@href, 'career') or contains(@href, 'carreira')];https://designcode.io/;Y;
//a[contains(@href, 'position') or contains(@href, 'vaga') or contains(@href, 'job') or contains(@href, 'career') or contains(@href, 'carreira')];https://www.deskpass.com;Y;
//a[contains(@href, 'position') or contains(@href, 'vaga') or contains(@href, 'job') or contains(@href, 'career') or contains(@href, 'carreira')];https://www.devspotlight.com;Y;
//a[contains(@href, 'position') or contains(@href, 'vaga') or contains(@href, 'job') or contains(@href, 'career') or contains(@href, 'carreira')];https://devsquad.com;Y;
//a[contains(@href, 'position') or contains(@href, 'vaga') or contains(@href, 'job') or contains(@href, 'career') or contains(@href, 'carreira')];https://dgraph.io/;Y;
//a[contains(@href, 'position') or contains(@href, 'vaga') or contains(@href, 'job') or contains(@href, 'career') or contains(@href, 'carreira')];https://www.digitalocean.com/;Y;
//a[contains(@href, 'position') or contains(@href, 'vaga') or contains(@href, 'job') or contains(@href, 'career') or contains(@href, 'carreira')];https://jobs.gohire.io/digitise-xwcfqaab/;Y;
//a[contains(@href, 'position') or contains(@href, 'vaga') or contains(@href, 'job') or contains(@href, 'career') or contains(@href, 'carreira')];https://discord.com/;Y;
//a[contains(@href, 'position') or contains(@href, 'vaga') or contains(@href, 'job') or contains(@href, 'career') or contains(@href, 'carreira')];https://www.discourse.org/;Y;
//a[contains(@href, 'position') or contains(@href, 'vaga') or contains(@href, 'job') or contains(@href, 'career') or contains(@href, 'carreira')];https://dnsimple.com/;Y;
//a[contains(@href, 'position') or contains(@href, 'vaga') or contains(@href, 'job') or contains(@href, 'career') or contains(@href, 'carreira')];https://www.docker.com;Y;
//a[contains(@href, 'position') or contains(@href, 'vaga') or contains(@href, 'job') or contains(@href, 'career') or contains(@href, 'carreira')];https://doist.com;Y;
//a[contains(@href, 'position') or contains(@href, 'vaga') or contains(@href, 'job') or contains(@href, 'career') or contains(@href, 'carreira')];https://www.donut.app/;Y;
//a[contains(@href, 'position') or contains(@href, 'vaga') or contains(@href, 'job') or contains(@href, 'career') or contains(@href, 'carreira')];https://www.dronedeploy.com/;Y;
//a[contains(@href, 'position') or contains(@href, 'vaga') or contains(@href, 'job') or contains(@href, 'career') or contains(@href, 'carreira')];https://www.dropbox.com/;Y;
//a[contains(@href, 'position') or contains(@href, 'vaga') or contains(@href, 'job') or contains(@href, 'career') or contains(@href, 'carreira')];https://drupaljedi.com/;Y;
//a[contains(@href, 'position') or contains(@href, 'vaga') or contains(@href, 'job') or contains(@href, 'career') or contains(@href, 'carreira')];https://duckduckgo.com/;Y;
//a[contains(@href, 'position') or contains(@href, 'vaga') or contains(@href, 'job') or contains(@href, 'career') or contains(@href, 'carreira')];https://dynapictures.com/;Y;
//a[contains(@href, 'position') or contains(@href, 'vaga') or contains(@href, 'job') or contains(@href, 'career') or contains(@href, 'carreira')];https://earthofdrones.com/;Y;
//a[contains(@href, 'position') or contains(@href, 'vaga') or contains(@href, 'job') or contains(@href, 'career') or contains(@href, 'carreira')];https://eatstreet.com/;Y;
//a[contains(@href, 'position') or contains(@href, 'vaga') or contains(@href, 'job') or contains(@href, 'career') or contains(@href, 'carreira')];https://www.ebsco.com;Y;
//a[contains(@href, 'position') or contains(@href, 'vaga') or contains(@href, 'job') or contains(@href, 'career') or contains(@href, 'carreira')];https://eco-mind.eu/;Y;
//a[contains(@href, 'position') or contains(@href, 'vaga') or contains(@href, 'job') or contains(@href, 'career') or contains(@href, 'carreira')];https://meetedgar.com/;Y;
//a[contains(@href, 'position') or contains(@href, 'vaga') or contains(@href, 'job') or contains(@href, 'career') or contains(@href, 'carreira')];https://edg.io/;Y;
//a[contains(@href, 'position') or contains(@href, 'vaga') or contains(@href, 'job') or contains(@href, 'career') or contains(@href, 'carreira')];https://edify.cr/;Y;
//a[contains(@href, 'position') or contains(@href, 'vaga') or contains(@href, 'job') or contains(@href, 'career') or contains(@href, 'carreira')];https://efishery.com/;Y;
//a[contains(@href, 'position') or contains(@href, 'vaga') or contains(@href, 'job') or contains(@href, 'career') or contains(@href, 'carreira')];https://www.elastic.co/;Y;
//a[contains(@href, 'position') or contains(@href, 'vaga') or contains(@href, 'job') or contains(@href, 'career') or contains(@href, 'carreira')];https://www.emsisoft.com/;Y;
//a[contains(@href, 'position') or contains(@href, 'vaga') or contains(@href, 'job') or contains(@href, 'career') or contains(@href, 'carreira')];https://www.engineyard.com/;Y;
//a[contains(@href, 'position') or contains(@href, 'vaga') or contains(@href, 'job') or contains(@href, 'career') or contains(@href, 'carreira')];https://www.enjoei.com.br/;Y;
//a[contains(@href, 'position') or contains(@href, 'vaga') or contains(@href, 'job') or contains(@href, 'career') or contains(@href, 'carreira')];https://www.enok.co/;Y;
//a[contains(@href, 'position') or contains(@href, 'vaga') or contains(@href, 'job') or contains(@href, 'career') or contains(@href, 'carreira')];https://entrision.com/;Y;
//a[contains(@href, 'position') or contains(@href, 'vaga') or contains(@href, 'job') or contains(@href, 'career') or contains(@href, 'carreira')];https://envato.com/;Y;
//a[contains(@href, 'position') or contains(@href, 'vaga') or contains(@href, 'job') or contains(@href, 'career') or contains(@href, 'carreira')];https://envoy.com/;Y;
//a[contains(@href, 'position') or contains(@href, 'vaga') or contains(@href, 'job') or contains(@href, 'career') or contains(@href, 'carreira')];https://epam.com/;Y;
//a[contains(@href, 'position') or contains(@href, 'vaga') or contains(@href, 'job') or contains(@href, 'career') or contains(@href, 'carreira')];https://www.epicgames.com/site/en-US/careers;Y;
//a[contains(@href, 'position') or contains(@href, 'vaga') or contains(@href, 'job') or contains(@href, 'career') or contains(@href, 'carreira')];https://www.epilocal.com/;Y;
//a[contains(@href, 'position') or contains(@href, 'vaga') or contains(@href, 'job') or contains(@href, 'career') or contains(@href, 'carreira')];https://episource.com;Y;
//a[contains(@href, 'position') or contains(@href, 'vaga') or contains(@href, 'job') or contains(@href, 'career') or contains(@href, 'carreira')];https://www.equalexperts.com/contact-us/lisbon/;Y;
//a[contains(@href, 'position') or contains(@href, 'vaga') or contains(@href, 'job') or contains(@href, 'career') or contains(@href, 'carreira')];https://www.ergeon.com/;Y;
//a[contains(@href, 'position') or contains(@href, 'vaga') or contains(@href, 'job') or contains(@href, 'career') or contains(@href, 'carreira')];https://www.estately.com/;Y;
//a[contains(@href, 'position') or contains(@href, 'vaga') or contains(@href, 'job') or contains(@href, 'career') or contains(@href, 'carreira')];https://etch.co;Y;
//a[contains(@href, 'position') or contains(@href, 'vaga') or contains(@href, 'job') or contains(@href, 'career') or contains(@href, 'carreira')];https://www.etsy.com/;Y;
//a[contains(@href, 'position') or contains(@href, 'vaga') or contains(@href, 'job') or contains(@href, 'career') or contains(@href, 'carreira')];https://evelo.com;Y;
//a[contains(@href, 'position') or contains(@href, 'vaga') or contains(@href, 'job') or contains(@href, 'career') or contains(@href, 'carreira')];https://evilmartians.com/;Y;
//a[contains(@href, 'position') or contains(@href, 'vaga') or contains(@href, 'job') or contains(@href, 'career') or contains(@href, 'carreira')];https://evrone.com/;Y;
//a[contains(@href, 'position') or contains(@href, 'vaga') or contains(@href, 'job') or contains(@href, 'career') or contains(@href, 'carreira')];https://www.exportdata.io/;Y;
//a[contains(@href, 'position') or contains(@href, 'vaga') or contains(@href, 'job') or contains(@href, 'career') or contains(@href, 'carreira')];https://eyeo.com/;Y;
//a[contains(@href, 'position') or contains(@href, 'vaga') or contains(@href, 'job') or contains(@href, 'career') or contains(@href, 'carreira')];https://www.factorialhr.com;Y;
//a[contains(@href, 'position') or contains(@href, 'vaga') or contains(@href, 'job') or contains(@href, 'career') or contains(@href, 'carreira')];https://www.fairwinds.com;Y;
//a[contains(@href, 'position') or contains(@href, 'vaga') or contains(@href, 'job') or contains(@href, 'career') or contains(@href, 'carreira')];https://www.faithlife.com/;Y;
//a[contains(@href, 'position') or contains(@href, 'vaga') or contains(@href, 'job') or contains(@href, 'career') or contains(@href, 'carreira')];https://www.fastly.com/;Y;
//a[contains(@href, 'position') or contains(@href, 'vaga') or contains(@href, 'job') or contains(@href, 'career') or contains(@href, 'carreira')];https://about.fatmap.com/careers;Y;
//a[contains(@href, 'position') or contains(@href, 'vaga') or contains(@href, 'job') or contains(@href, 'career') or contains(@href, 'carreira')];https://www.fauna.com/;Y;
//a[contains(@href, 'position') or contains(@href, 'vaga') or contains(@href, 'job') or contains(@href, 'career') or contains(@href, 'carreira')];https://www.featurist.co.uk/;Y;
//a[contains(@href, 'position') or contains(@href, 'vaga') or contains(@href, 'job') or contains(@href, 'career') or contains(@href, 'carreira')];https://fetlife.com/;Y;
//a[contains(@href, 'position') or contains(@href, 'vaga') or contains(@href, 'job') or contains(@href, 'career') or contains(@href, 'carreira')];https://ffwagency.com/;Y;
//a[contains(@href, 'position') or contains(@href, 'vaga') or contains(@href, 'job') or contains(@href, 'career') or contains(@href, 'carreira')];https://www.filamentgroup.com/;Y;
//a[contains(@href, 'position') or contains(@href, 'vaga') or contains(@href, 'job') or contains(@href, 'career') or contains(@href, 'carreira')];https://findify.io;Y;
//a[contains(@href, 'position') or contains(@href, 'vaga') or contains(@href, 'job') or contains(@href, 'career') or contains(@href, 'carreira')];https://fingerprintjs.com;Y;
//a[contains(@href, 'position') or contains(@href, 'vaga') or contains(@href, 'job') or contains(@href, 'career') or contains(@href, 'carreira')];https://fire-engine-red.com/;Y;
//a[contains(@href, 'position') or contains(@href, 'vaga') or contains(@href, 'job') or contains(@href, 'career') or contains(@href, 'carreira')];https://www.fireballlabs.com;Y;
//a[contains(@href, 'position') or contains(@href, 'vaga') or contains(@href, 'job') or contains(@href, 'career') or contains(@href, 'carreira')];https://www.fiverr.com/;Y;
//a[contains(@href, 'position') or contains(@href, 'vaga') or contains(@href, 'job') or contains(@href, 'career') or contains(@href, 'carreira')];https://fivexl.io;Y;
//a[contains(@href, 'position') or contains(@href, 'vaga') or contains(@href, 'job') or contains(@href, 'career') or contains(@href, 'carreira')];https://www.flexera.com/;Y;
//a[contains(@href, 'position') or contains(@href, 'vaga') or contains(@href, 'job') or contains(@href, 'career') or contains(@href, 'carreira')];https://flightaware.com;Y;
//a[contains(@href, 'position') or contains(@href, 'vaga') or contains(@href, 'job') or contains(@href, 'career') or contains(@href, 'carreira')];https://flip.id;Y;
//a[contains(@href, 'position') or contains(@href, 'vaga') or contains(@href, 'job') or contains(@href, 'career') or contains(@href, 'carreira')];https://flowing.it;Y;
//a[contains(@href, 'position') or contains(@href, 'vaga') or contains(@href, 'job') or contains(@href, 'career') or contains(@href, 'carreira')];https://fly.io;Y;
//a[contains(@href, 'position') or contains(@href, 'vaga') or contains(@href, 'job') or contains(@href, 'career') or contains(@href, 'carreira')];https://www.gofmx.com/;Y;
//a[contains(@href, 'position') or contains(@href, 'vaga') or contains(@href, 'job') or contains(@href, 'career') or contains(@href, 'carreira')];https://focusnetworks.com.br;Y;
//a[contains(@href, 'position') or contains(@href, 'vaga') or contains(@href, 'job') or contains(@href, 'career') or contains(@href, 'carreira')];https://fohandboh.com/;Y;
//a[contains(@href, 'position') or contains(@href, 'vaga') or contains(@href, 'job') or contains(@href, 'career') or contains(@href, 'carreira')];https://www.formidable.com/;Y;
//a[contains(@href, 'position') or contains(@href, 'vaga') or contains(@href, 'job') or contains(@href, 'career') or contains(@href, 'carreira')];https://www.formstack.com/;Y;
//a[contains(@href, 'position') or contains(@href, 'vaga') or contains(@href, 'job') or contains(@href, 'career') or contains(@href, 'carreira')];https://fourkitchens.com/;Y;
//a[contains(@href, 'position') or contains(@href, 'vaga') or contains(@href, 'job') or contains(@href, 'career') or contains(@href, 'carreira')];https://www.fraudio.com/;Y;
//a[contains(@href, 'position') or contains(@href, 'vaga') or contains(@href, 'job') or contains(@href, 'career') or contains(@href, 'carreira')];https://www.freeagent.com/;Y;
//a[contains(@href, 'position') or contains(@href, 'vaga') or contains(@href, 'job') or contains(@href, 'career') or contains(@href, 'carreira')];https://www.freeletics.com/;Y;
//a[contains(@href, 'position') or contains(@href, 'vaga') or contains(@href, 'job') or contains(@href, 'career') or contains(@href, 'carreira')];https://fuelmade.com/;Y;
//a[contains(@href, 'position') or contains(@href, 'vaga') or contains(@href, 'job') or contains(@href, 'career') or contains(@href, 'carreira')];https://fullfabric.com/;Y;
//a[contains(@href, 'position') or contains(@href, 'vaga') or contains(@href, 'job') or contains(@href, 'career') or contains(@href, 'carreira')];https://www.functionize.com/;Y;
//a[contains(@href, 'position') or contains(@href, 'vaga') or contains(@href, 'job') or contains(@href, 'career') or contains(@href, 'carreira')];https://www.gaggle.net/;Y;
//a[contains(@href, 'position') or contains(@href, 'vaga') or contains(@href, 'job') or contains(@href, 'career') or contains(@href, 'carreira')];https://www.geckoboard.com;Y;
//a[contains(@href, 'position') or contains(@href, 'vaga') or contains(@href, 'job') or contains(@href, 'career') or contains(@href, 'carreira')];https://generalassemb.ly/;Y;
//a[contains(@href, 'position') or contains(@href, 'vaga') or contains(@href, 'job') or contains(@href, 'career') or contains(@href, 'carreira')];https://www.geo-jobe.com/;Y;
//a[contains(@href, 'position') or contains(@href, 'vaga') or contains(@href, 'job') or contains(@href, 'career') or contains(@href, 'carreira')];https://gerencianet.com.br;Y;
//a[contains(@href, 'position') or contains(@href, 'vaga') or contains(@href, 'job') or contains(@href, 'career') or contains(@href, 'carreira')];https://www.gft.com/;Y;
//a[contains(@href, 'position') or contains(@href, 'vaga') or contains(@href, 'job') or contains(@href, 'career') or contains(@href, 'carreira')];https://ghost.org/;Y;
//a[contains(@href, 'position') or contains(@href, 'vaga') or contains(@href, 'job') or contains(@href, 'career') or contains(@href, 'carreira')];https://ghostinspector.com;Y;
//a[contains(@href, 'position') or contains(@href, 'vaga') or contains(@href, 'job') or contains(@href, 'career') or contains(@href, 'carreira')];https://giantmade.com;Y;
//a[contains(@href, 'position') or contains(@href, 'vaga') or contains(@href, 'job') or contains(@href, 'career') or contains(@href, 'carreira')];https://giantswarm.io;Y;
//a[contains(@href, 'position') or contains(@href, 'vaga') or contains(@href, 'job') or contains(@href, 'career') or contains(@href, 'carreira')];https://www.gigsalad.com/;Y;
//a[contains(@href, 'position') or contains(@href, 'vaga') or contains(@href, 'job') or contains(@href, 'career') or contains(@href, 'carreira')];https://www.gitbook.com/;Y;
//a[contains(@href, 'position') or contains(@href, 'vaga') or contains(@href, 'job') or contains(@href, 'career') or contains(@href, 'carreira')];https://github.com/;Y;
//a[contains(@href, 'position') or contains(@href, 'vaga') or contains(@href, 'job') or contains(@href, 'career') or contains(@href, 'carreira')];https://about.gitlab.com/;Y;
//a[contains(@href, 'position') or contains(@href, 'vaga') or contains(@href, 'job') or contains(@href, 'career') or contains(@href, 'carreira')];https://gitprime.com/;Y;
//a[contains(@href, 'position') or contains(@href, 'vaga') or contains(@href, 'job') or contains(@href, 'career') or contains(@href, 'carreira')];https://glennwebsitedesign.com/;Y;
//a[contains(@href, 'position') or contains(@href, 'vaga') or contains(@href, 'job') or contains(@href, 'career') or contains(@href, 'carreira')];https://www.glitch.com/;Y;
//a[contains(@href, 'position') or contains(@href, 'vaga') or contains(@href, 'job') or contains(@href, 'career') or contains(@href, 'carreira')];https://gluware.com/;Y;
//a[contains(@href, 'position') or contains(@href, 'vaga') or contains(@href, 'job') or contains(@href, 'career') or contains(@href, 'carreira')];https://www.godaddy.com/;Y;
//a[contains(@href, 'position') or contains(@href, 'vaga') or contains(@href, 'job') or contains(@href, 'career') or contains(@href, 'carreira')];https://www.gohiring.com/;Y;
//a[contains(@href, 'position') or contains(@href, 'vaga') or contains(@href, 'job') or contains(@href, 'career') or contains(@href, 'carreira')];https://gojob.com/;Y;
//a[contains(@href, 'position') or contains(@href, 'vaga') or contains(@href, 'job') or contains(@href, 'career') or contains(@href, 'carreira')];https://conveyhealthsolutions.com/;Y;
//a[contains(@href, 'position') or contains(@href, 'vaga') or contains(@href, 'job') or contains(@href, 'career') or contains(@href, 'carreira')];https://www.gotpro.com/;Y;
//a[contains(@href, 'position') or contains(@href, 'vaga') or contains(@href, 'job') or contains(@href, 'career') or contains(@href, 'carreira')];https://grafana.com/;Y;
//a[contains(@href, 'position') or contains(@href, 'vaga') or contains(@href, 'job') or contains(@href, 'career') or contains(@href, 'carreira')];https://granicus.com/;Y;
//a[contains(@href, 'position') or contains(@href, 'vaga') or contains(@href, 'job') or contains(@href, 'career') or contains(@href, 'carreira')];https://www.graylog.org/;Y;
//a[contains(@href, 'position') or contains(@href, 'vaga') or contains(@href, 'job') or contains(@href, 'career') or contains(@href, 'carreira')];https://gremlin.com;Y;
//a[contains(@href, 'position') or contains(@href, 'vaga') or contains(@href, 'job') or contains(@href, 'career') or contains(@href, 'carreira')];https://gridium.com;Y;
//a[contains(@href, 'position') or contains(@href, 'vaga') or contains(@href, 'job') or contains(@href, 'career') or contains(@href, 'carreira')];https://www.groovehq.com;Y;
//a[contains(@href, 'position') or contains(@href, 'vaga') or contains(@href, 'job') or contains(@href, 'career') or contains(@href, 'carreira')];https://build.gr.ps;Y;
//a[contains(@href, 'position') or contains(@href, 'vaga') or contains(@href, 'job') or contains(@href, 'career') or contains(@href, 'carreira')];https://www.grubhub.com/;Y;
//a[contains(@href, 'position') or contains(@href, 'vaga') or contains(@href, 'job') or contains(@href, 'career') or contains(@href, 'carreira')];https://www.gruntwork.io/;Y;
//a[contains(@href, 'position') or contains(@href, 'vaga') or contains(@href, 'job') or contains(@href, 'career') or contains(@href, 'carreira')];https://www.guidesmiths.com/;Y;
//a[contains(@href, 'position') or contains(@href, 'vaga') or contains(@href, 'job') or contains(@href, 'career') or contains(@href, 'carreira')];https://www.hackreactor.com/remote/;Y;
//a[contains(@href, 'position') or contains(@href, 'vaga') or contains(@href, 'job') or contains(@href, 'career') or contains(@href, 'carreira')];https://hanno.co/;Y;
//a[contains(@href, 'position') or contains(@href, 'vaga') or contains(@href, 'job') or contains(@href, 'career') or contains(@href, 'carreira')];https://hanzo.co;Y;
//a[contains(@href, 'position') or contains(@href, 'vaga') or contains(@href, 'job') or contains(@href, 'career') or contains(@href, 'carreira')];https://happycog.com/;Y;
//a[contains(@href, 'position') or contains(@href, 'vaga') or contains(@href, 'job') or contains(@href, 'career') or contains(@href, 'carreira')];https://www.getharvest.com/;Y;
//a[contains(@href, 'position') or contains(@href, 'vaga') or contains(@href, 'job') or contains(@href, 'career') or contains(@href, 'carreira')];https://hashex.org/;Y;
//a[contains(@href, 'position') or contains(@href, 'vaga') or contains(@href, 'job') or contains(@href, 'career') or contains(@href, 'carreira')];https://www.hashicorp.com/;Y;
//a[contains(@href, 'position') or contains(@href, 'vaga') or contains(@href, 'job') or contains(@href, 'career') or contains(@href, 'carreira')];https://www.helabs.com;Y;
//a[contains(@href, 'position') or contains(@href, 'vaga') or contains(@href, 'job') or contains(@href, 'career') or contains(@href, 'carreira')];https://www.headway.io/;Y;
//a[contains(@href, 'position') or contains(@href, 'vaga') or contains(@href, 'job') or contains(@href, 'career') or contains(@href, 'carreira')];https://www.healthfinch.com/;Y;
//a[contains(@href, 'position') or contains(@href, 'vaga') or contains(@href, 'job') or contains(@href, 'career') or contains(@href, 'carreira')];https://heapanalytics.com/;Y;
//a[contains(@href, 'position') or contains(@href, 'vaga') or contains(@href, 'job') or contains(@href, 'career') or contains(@href, 'carreira')];https://heetch.com/;Y;
//a[contains(@href, 'position') or contains(@href, 'vaga') or contains(@href, 'job') or contains(@href, 'career') or contains(@href, 'carreira')];https://www.helpscout.net/;Y;
//a[contains(@href, 'position') or contains(@href, 'vaga') or contains(@href, 'job') or contains(@href, 'career') or contains(@href, 'carreira')];https://www.heroku.com/;Y;
//a[contains(@href, 'position') or contains(@href, 'vaga') or contains(@href, 'job') or contains(@href, 'career') or contains(@href, 'carreira')];https://www.hireology.com;Y;
//a[contains(@href, 'position') or contains(@href, 'vaga') or contains(@href, 'job') or contains(@href, 'career') or contains(@href, 'carreira')];https://www.homeflicwegrow.com/;Y;
//a[contains(@href, 'position') or contains(@href, 'vaga') or contains(@href, 'job') or contains(@href, 'career') or contains(@href, 'carreira')];https://homevalet.co;Y;
//a[contains(@href, 'position') or contains(@href, 'vaga') or contains(@href, 'job') or contains(@href, 'career') or contains(@href, 'carreira')];https://www.honeybadger.io/;Y;
//a[contains(@href, 'position') or contains(@href, 'vaga') or contains(@href, 'job') or contains(@href, 'career') or contains(@href, 'carreira')];https://honeycomb.tv/;Y;
//a[contains(@href, 'position') or contains(@href, 'vaga') or contains(@href, 'job') or contains(@href, 'career') or contains(@href, 'carreira')];https://www.hopper.com/;Y;
//a[contains(@href, 'position') or contains(@href, 'vaga') or contains(@href, 'job') or contains(@href, 'career') or contains(@href, 'carreira')];https://careers.hotjar.com/;Y;
//a[contains(@href, 'position') or contains(@href, 'vaga') or contains(@href, 'job') or contains(@href, 'career') or contains(@href, 'carreira')];https://www.hudl.com/;Y;
//a[contains(@href, 'position') or contains(@href, 'vaga') or contains(@href, 'job') or contains(@href, 'career') or contains(@href, 'carreira')];https://hugo.events;Y;
//a[contains(@href, 'position') or contains(@href, 'vaga') or contains(@href, 'job') or contains(@href, 'career') or contains(@href, 'carreira')];https://hmn.md;Y;
//a[contains(@href, 'position') or contains(@href, 'vaga') or contains(@href, 'job') or contains(@href, 'career') or contains(@href, 'carreira')];https://husldigital.com;Y;
//a[contains(@href, 'position') or contains(@href, 'vaga') or contains(@href, 'job') or contains(@href, 'career') or contains(@href, 'carreira')];https://www.hypergiant.com/contact/;Y;
//a[contains(@href, 'position') or contains(@href, 'vaga') or contains(@href, 'job') or contains(@href, 'career') or contains(@href, 'carreira')];https://hyperiondev.com/jobs;Y;
//a[contains(@href, 'position') or contains(@href, 'vaga') or contains(@href, 'job') or contains(@href, 'career') or contains(@href, 'carreira')];https://hypothes.is;Y;
//a[contains(@href, 'position') or contains(@href, 'vaga') or contains(@href, 'job') or contains(@href, 'career') or contains(@href, 'carreira')];https://www.ibm.com;Y;
//a[contains(@href, 'position') or contains(@href, 'vaga') or contains(@href, 'job') or contains(@href, 'career') or contains(@href, 'carreira')];https://iclinic.com.br/;Y;
//a[contains(@href, 'position') or contains(@href, 'vaga') or contains(@href, 'job') or contains(@href, 'career') or contains(@href, 'carreira')];https://idonethis.com/;Y;
//a[contains(@href, 'position') or contains(@href, 'vaga') or contains(@href, 'job') or contains(@href, 'career') or contains(@href, 'carreira')];https://www.ifit.com/;Y;
//a[contains(@href, 'position') or contains(@href, 'vaga') or contains(@href, 'job') or contains(@href, 'career') or contains(@href, 'carreira')];https://www.igalia.com/;Y;
//a[contains(@href, 'position') or contains(@href, 'vaga') or contains(@href, 'job') or contains(@href, 'career') or contains(@href, 'carreira')];https://www.imaginelearning.com;Y;
//a[contains(@href, 'position') or contains(@href, 'vaga') or contains(@href, 'job') or contains(@href, 'career') or contains(@href, 'carreira')];https://www.getimpala.com/;Y;
//a[contains(@href, 'position') or contains(@href, 'vaga') or contains(@href, 'job') or contains(@href, 'career') or contains(@href, 'carreira')];https://www.impira.com/;Y;
//a[contains(@href, 'position') or contains(@href, 'vaga') or contains(@href, 'job') or contains(@href, 'career') or contains(@href, 'carreira')];https://implisense.com/;Y;
//a[contains(@href, 'position') or contains(@href, 'vaga') or contains(@href, 'job') or contains(@href, 'career') or contains(@href, 'carreira')];https://incsub.com/;Y;
//a[contains(@href, 'position') or contains(@href, 'vaga') or contains(@href, 'job') or contains(@href, 'career') or contains(@href, 'carreira')];https://infinite.red;Y;
//a[contains(@href, 'position') or contains(@href, 'vaga') or contains(@href, 'job') or contains(@href, 'career') or contains(@href, 'carreira')];https://influxdata.com;Y;
//a[contains(@href, 'position') or contains(@href, 'vaga') or contains(@href, 'job') or contains(@href, 'career') or contains(@href, 'carreira')];https://inpsyde.com/en/;Y;
//a[contains(@href, 'position') or contains(@href, 'vaga') or contains(@href, 'job') or contains(@href, 'career') or contains(@href, 'carreira')];https://inquicker.com;Y;
//a[contains(@href, 'position') or contains(@href, 'vaga') or contains(@href, 'job') or contains(@href, 'career') or contains(@href, 'carreira')];https://www.inshorts.com/;Y;
//a[contains(@href, 'position') or contains(@href, 'vaga') or contains(@href, 'job') or contains(@href, 'career') or contains(@href, 'carreira')];https://instamobile.io;Y;
//a[contains(@href, 'position') or contains(@href, 'vaga') or contains(@href, 'job') or contains(@href, 'career') or contains(@href, 'carreira')];https://www.instructure.com/;Y;
//a[contains(@href, 'position') or contains(@href, 'vaga') or contains(@href, 'job') or contains(@href, 'career') or contains(@href, 'carreira')];https://www.intellum.com;Y;
//a[contains(@href, 'position') or contains(@href, 'vaga') or contains(@href, 'job') or contains(@href, 'career') or contains(@href, 'carreira')];https://www.inin.com/;Y;
//a[contains(@href, 'position') or contains(@href, 'vaga') or contains(@href, 'job') or contains(@href, 'career') or contains(@href, 'carreira')];https://www.intercom.io/;Y;
//a[contains(@href, 'position') or contains(@href, 'vaga') or contains(@href, 'job') or contains(@href, 'career') or contains(@href, 'carreira')];https://ifsight.com/;Y;
//a[contains(@href, 'position') or contains(@href, 'vaga') or contains(@href, 'job') or contains(@href, 'career') or contains(@href, 'carreira')];https://www.intevity.com/;Y;
//a[contains(@href, 'position') or contains(@href, 'vaga') or contains(@href, 'job') or contains(@href, 'career') or contains(@href, 'carreira')];https://www.intuit.com/;Y;
//a[contains(@href, 'position') or contains(@href, 'vaga') or contains(@href, 'job') or contains(@href, 'career') or contains(@href, 'carreira')];https://www.imachines.com/;Y;
//a[contains(@href, 'position') or contains(@href, 'vaga') or contains(@href, 'job') or contains(@href, 'career') or contains(@href, 'carreira')];https://www.invisionapp.com/;Y;
//a[contains(@href, 'position') or contains(@href, 'vaga') or contains(@href, 'job') or contains(@href, 'career') or contains(@href, 'carreira')];https://iohk.io/;Y;
//a[contains(@href, 'position') or contains(@href, 'vaga') or contains(@href, 'job') or contains(@href, 'career') or contains(@href, 'carreira')];https://www.iopipe.com;Y;
//a[contains(@href, 'position') or contains(@href, 'vaga') or contains(@href, 'job') or contains(@href, 'career') or contains(@href, 'carreira')];https://www.iosapptemplates.com/;Y;
//a[contains(@href, 'position') or contains(@href, 'vaga') or contains(@href, 'job') or contains(@href, 'career') or contains(@href, 'carreira')];https://ipinfo.io/;Y;
//a[contains(@href, 'position') or contains(@href, 'vaga') or contains(@href, 'job') or contains(@href, 'career') or contains(@href, 'carreira')];https://www.ipsgroupinc.com/;Y;
//a[contains(@href, 'position') or contains(@href, 'vaga') or contains(@href, 'job') or contains(@href, 'career') or contains(@href, 'carreira')];https://jobs.iqvia.com/our-company;Y;
//a[contains(@href, 'position') or contains(@href, 'vaga') or contains(@href, 'job') or contains(@href, 'career') or contains(@href, 'carreira')];https://www.ironin.it/;Y;
//a[contains(@href, 'position') or contains(@href, 'vaga') or contains(@href, 'job') or contains(@href, 'career') or contains(@href, 'carreira')];https://www.iterative.ai/;Y;
//a[contains(@href, 'position') or contains(@href, 'vaga') or contains(@href, 'job') or contains(@href, 'career') or contains(@href, 'carreira')];https://iwantmyname.com/;Y;
//a[contains(@href, 'position') or contains(@href, 'vaga') or contains(@href, 'job') or contains(@href, 'career') or contains(@href, 'carreira')];https://jacksonriver.com/;Y;
//a[contains(@href, 'position') or contains(@href, 'vaga') or contains(@href, 'job') or contains(@href, 'career') or contains(@href, 'carreira')];https://jaya.tech/;Y;
//a[contains(@href, 'position') or contains(@href, 'vaga') or contains(@href, 'job') or contains(@href, 'career') or contains(@href, 'carreira')];https://www.jbssolutions.com/;Y;
//a[contains(@href, 'position') or contains(@href, 'vaga') or contains(@href, 'job') or contains(@href, 'career') or contains(@href, 'carreira')];https://www.jitbit.com/;Y;
//a[contains(@href, 'position') or contains(@href, 'vaga') or contains(@href, 'job') or contains(@href, 'career') or contains(@href, 'carreira')];https://iruuza-inc.com/;Y;
//a[contains(@href, 'position') or contains(@href, 'vaga') or contains(@href, 'job') or contains(@href, 'career') or contains(@href, 'carreira')];https://recruitment.jobsity.com/;Y;
//a[contains(@href, 'position') or contains(@href, 'vaga') or contains(@href, 'job') or contains(@href, 'career') or contains(@href, 'carreira')];https://www.jollygoodcode.com;Y;
//a[contains(@href, 'position') or contains(@href, 'vaga') or contains(@href, 'job') or contains(@href, 'career') or contains(@href, 'carreira')];https://www.journy.io;Y;
//a[contains(@href, 'position') or contains(@href, 'vaga') or contains(@href, 'job') or contains(@href, 'career') or contains(@href, 'carreira')];https://www.joyent.com/careers/;Y;
//a[contains(@href, 'position') or contains(@href, 'vaga') or contains(@href, 'job') or contains(@href, 'career') or contains(@href, 'carreira')];https://www.jupiterone.com/careers/;Y;
//a[contains(@href, 'position') or contains(@href, 'vaga') or contains(@href, 'job') or contains(@href, 'career') or contains(@href, 'carreira')];https://kaggle.com/;Y;
//a[contains(@href, 'position') or contains(@href, 'vaga') or contains(@href, 'job') or contains(@href, 'career') or contains(@href, 'carreira')];https://kea.ai;Y;
//a[contains(@href, 'position') or contains(@href, 'vaga') or contains(@href, 'job') or contains(@href, 'career') or contains(@href, 'carreira')];https://keen.io/;Y;
//a[contains(@href, 'position') or contains(@href, 'vaga') or contains(@href, 'job') or contains(@href, 'career') or contains(@href, 'carreira')];https://www.kentik.com/careers;Y;
//a[contains(@href, 'position') or contains(@href, 'vaga') or contains(@href, 'job') or contains(@href, 'career') or contains(@href, 'carreira')];https://www.khanacademy.org/;Y;
//a[contains(@href, 'position') or contains(@href, 'vaga') or contains(@href, 'job') or contains(@href, 'career') or contains(@href, 'carreira')];https://careers.kickbacksystems.com;Y;
//a[contains(@href, 'position') or contains(@href, 'vaga') or contains(@href, 'job') or contains(@href, 'career') or contains(@href, 'carreira')];https://kinsta.com;Y;
//a[contains(@href, 'position') or contains(@href, 'vaga') or contains(@href, 'job') or contains(@href, 'career') or contains(@href, 'carreira')];https://kiprosh.com;Y;
//a[contains(@href, 'position') or contains(@href, 'vaga') or contains(@href, 'job') or contains(@href, 'career') or contains(@href, 'carreira')];https://www.kissmetrics.com/;Y;
//a[contains(@href, 'position') or contains(@href, 'vaga') or contains(@href, 'job') or contains(@href, 'career') or contains(@href, 'carreira')];https://www.klaviyo.com/;Y;
//a[contains(@href, 'position') or contains(@href, 'vaga') or contains(@href, 'job') or contains(@href, 'career') or contains(@href, 'carreira')];https://www.knack.com;Y;
//a[contains(@href, 'position') or contains(@href, 'vaga') or contains(@href, 'job') or contains(@href, 'career') or contains(@href, 'carreira')];https://kodify.io;Y;
//a[contains(@href, 'position') or contains(@href, 'vaga') or contains(@href, 'job') or contains(@href, 'career') or contains(@href, 'carreira')];https://koding.com;Y;
//a[contains(@href, 'position') or contains(@href, 'vaga') or contains(@href, 'job') or contains(@href, 'career') or contains(@href, 'carreira')];https://www.komoot.com;Y;
//a[contains(@href, 'position') or contains(@href, 'vaga') or contains(@href, 'job') or contains(@href, 'career') or contains(@href, 'carreira')];https://www.heykona.com;Y;
//a[contains(@href, 'position') or contains(@href, 'vaga') or contains(@href, 'job') or contains(@href, 'career') or contains(@href, 'carreira')];https://konkurenta.com;Y;
//a[contains(@href, 'position') or contains(@href, 'vaga') or contains(@href, 'job') or contains(@href, 'career') or contains(@href, 'carreira')];https://kraken.com;Y;
//a[contains(@href, 'position') or contains(@href, 'vaga') or contains(@href, 'job') or contains(@href, 'career') or contains(@href, 'carreira')];https://kuali.co;Y;
//a[contains(@href, 'position') or contains(@href, 'vaga') or contains(@href, 'job') or contains(@href, 'career') or contains(@href, 'carreira')];https://labelbox.com/;Y;
//a[contains(@href, 'position') or contains(@href, 'vaga') or contains(@href, 'job') or contains(@href, 'career') or contains(@href, 'carreira')];https://www.lambdaschool.com/;Y;
//a[contains(@href, 'position') or contains(@href, 'vaga') or contains(@href, 'job') or contains(@href, 'career') or contains(@href, 'carreira')];https://lambertlabs.com/;Y;
//a[contains(@href, 'position') or contains(@href, 'vaga') or contains(@href, 'job') or contains(@href, 'career') or contains(@href, 'carreira')];https://www.laterpay.net/;Y;
//a[contains(@href, 'position') or contains(@href, 'vaga') or contains(@href, 'job') or contains(@href, 'career') or contains(@href, 'carreira')];https://www.leadershipsuccess.co/;Y;
//a[contains(@href, 'position') or contains(@href, 'vaga') or contains(@href, 'job') or contains(@href, 'career') or contains(@href, 'carreira')];https://www.leadfeeder.com;Y;
//a[contains(@href, 'position') or contains(@href, 'vaga') or contains(@href, 'job') or contains(@href, 'career') or contains(@href, 'carreira')];https://leadiq.com/;Y;
//a[contains(@href, 'position') or contains(@href, 'vaga') or contains(@href, 'job') or contains(@href, 'career') or contains(@href, 'carreira')];https://letsencrypt.org;Y;
//a[contains(@href, 'position') or contains(@href, 'vaga') or contains(@href, 'job') or contains(@href, 'career') or contains(@href, 'carreira')];https://www.lifen.health/;Y;
//a[contains(@href, 'position') or contains(@href, 'vaga') or contains(@href, 'job') or contains(@href, 'career') or contains(@href, 'carreira')];https://www.ltvco.com/;Y;
//a[contains(@href, 'position') or contains(@href, 'vaga') or contains(@href, 'job') or contains(@href, 'career') or contains(@href, 'carreira')];https://www.lightbend.com/;Y;
//a[contains(@href, 'position') or contains(@href, 'vaga') or contains(@href, 'job') or contains(@href, 'career') or contains(@href, 'carreira')];https://www.lightspeedhq.com/;Y;
//a[contains(@href, 'position') or contains(@href, 'vaga') or contains(@href, 'job') or contains(@href, 'career') or contains(@href, 'carreira')];https://www.linaro.org/;Y;
//a[contains(@href, 'position') or contains(@href, 'vaga') or contains(@href, 'job') or contains(@href, 'career') or contains(@href, 'carreira')];https://lincolnloop.com/;Y;
//a[contains(@href, 'position') or contains(@href, 'vaga') or contains(@href, 'job') or contains(@href, 'career') or contains(@href, 'carreira')];https://linepluscorp.com/;Y;
//a[contains(@href, 'position') or contains(@href, 'vaga') or contains(@href, 'job') or contains(@href, 'career') or contains(@href, 'carreira')];https://www.link11.com/;Y;
//a[contains(@href, 'position') or contains(@href, 'vaga') or contains(@href, 'job') or contains(@href, 'career') or contains(@href, 'carreira')];https://www.linuxfoundation.org/;Y;
//a[contains(@href, 'position') or contains(@href, 'vaga') or contains(@href, 'job') or contains(@href, 'career') or contains(@href, 'carreira')];https://lionsher.com/careers/;Y;
//a[contains(@href, 'position') or contains(@href, 'vaga') or contains(@href, 'job') or contains(@href, 'career') or contains(@href, 'carreira')];https://litmus.com/;Y;
//a[contains(@href, 'position') or contains(@href, 'vaga') or contains(@href, 'job') or contains(@href, 'career') or contains(@href, 'carreira')];https://www.liveperson.com/company/careers;Y;
//a[contains(@href, 'position') or contains(@href, 'vaga') or contains(@href, 'job') or contains(@href, 'career') or contains(@href, 'carreira')];https://www.loadsys.com;Y;
//a[contains(@href, 'position') or contains(@href, 'vaga') or contains(@href, 'job') or contains(@href, 'career') or contains(@href, 'carreira')];https://localistico.com;Y;
//a[contains(@href, 'position') or contains(@href, 'vaga') or contains(@href, 'job') or contains(@href, 'career') or contains(@href, 'carreira')];https://logdna.com;Y;
//a[contains(@href, 'position') or contains(@href, 'vaga') or contains(@href, 'job') or contains(@href, 'career') or contains(@href, 'carreira')];https://www.lullabot.com/;Y;
//a[contains(@href, 'position') or contains(@href, 'vaga') or contains(@href, 'job') or contains(@href, 'career') or contains(@href, 'carreira')];https://www.luxoft.com/;Y;
//a[contains(@href, 'position') or contains(@href, 'vaga') or contains(@href, 'job') or contains(@href, 'career') or contains(@href, 'carreira')];https://lt.coop.br/;Y;
//a[contains(@href, 'position') or contains(@href, 'vaga') or contains(@href, 'job') or contains(@href, 'career') or contains(@href, 'carreira')];https://www.lytx.com/en-us/about-us/careers;Y;
//a[contains(@href, 'position') or contains(@href, 'vaga') or contains(@href, 'job') or contains(@href, 'career') or contains(@href, 'carreira')];https://madewithlove.com;Y;
//a[contains(@href, 'position') or contains(@href, 'vaga') or contains(@href, 'job') or contains(@href, 'career') or contains(@href, 'carreira')];https://labs.madisoft.it/;Y;
//a[contains(@href, 'position') or contains(@href, 'vaga') or contains(@href, 'job') or contains(@href, 'career') or contains(@href, 'carreira')];https://www.mailerlite.com;Y;
//a[contains(@href, 'position') or contains(@href, 'vaga') or contains(@href, 'job') or contains(@href, 'career') or contains(@href, 'carreira')];https://manifold.co;Y;
//a[contains(@href, 'position') or contains(@href, 'vaga') or contains(@href, 'job') or contains(@href, 'career') or contains(@href, 'carreira')];https://www.mapbox.com/;Y;
//a[contains(@href, 'position') or contains(@href, 'vaga') or contains(@href, 'job') or contains(@href, 'career') or contains(@href, 'carreira')];https://marcopolo.me;Y;
//a[contains(@href, 'position') or contains(@href, 'vaga') or contains(@href, 'job') or contains(@href, 'career') or contains(@href, 'carreira')];https://www.marketade.com;Y;
//a[contains(@href, 'position') or contains(@href, 'vaga') or contains(@href, 'job') or contains(@href, 'career') or contains(@href, 'carreira')];https://marsbased.com/;Y;
//a[contains(@href, 'position') or contains(@href, 'vaga') or contains(@href, 'job') or contains(@href, 'career') or contains(@href, 'carreira')];https://massivepixel.io;Y;
//a[contains(@href, 'position') or contains(@href, 'vaga') or contains(@href, 'job') or contains(@href, 'career') or contains(@href, 'carreira')];https://maxicus.com/;Y;
//a[contains(@href, 'position') or contains(@href, 'vaga') or contains(@href, 'job') or contains(@href, 'career') or contains(@href, 'carreira')];https://mayvue.com/;Y;
//a[contains(@href, 'position') or contains(@href, 'vaga') or contains(@href, 'job') or contains(@href, 'career') or contains(@href, 'carreira')];https://www.mediacurrent.com/;Y;
//a[contains(@href, 'position') or contains(@href, 'vaga') or contains(@href, 'job') or contains(@href, 'career') or contains(@href, 'carreira')];https://www.mediavine.com/;Y;
//a[contains(@href, 'position') or contains(@href, 'vaga') or contains(@href, 'job') or contains(@href, 'career') or contains(@href, 'carreira')];https://medium.com/;Y;
//a[contains(@href, 'position') or contains(@href, 'vaga') or contains(@href, 'job') or contains(@href, 'career') or contains(@href, 'carreira')];https://memberful.com;Y;
//a[contains(@href, 'position') or contains(@href, 'vaga') or contains(@href, 'job') or contains(@href, 'career') or contains(@href, 'carreira')];https://memory.ai/;Y;
//a[contains(@href, 'position') or contains(@href, 'vaga') or contains(@href, 'job') or contains(@href, 'career') or contains(@href, 'carreira')];https://about.mercari.com/en/;Y;
//a[contains(@href, 'position') or contains(@href, 'vaga') or contains(@href, 'job') or contains(@href, 'career') or contains(@href, 'carreira')];https://merico.dev/;Y;
//a[contains(@href, 'position') or contains(@href, 'vaga') or contains(@href, 'job') or contains(@href, 'career') or contains(@href, 'carreira')];https://meridianlink.com/;Y;
//a[contains(@href, 'position') or contains(@href, 'vaga') or contains(@href, 'job') or contains(@href, 'career') or contains(@href, 'carreira')];https://metalab.co;Y;
//a[contains(@href, 'position') or contains(@href, 'vaga') or contains(@href, 'job') or contains(@href, 'career') or contains(@href, 'carreira')];https://metamask.io;Y;
//a[contains(@href, 'position') or contains(@href, 'vaga') or contains(@href, 'job') or contains(@href, 'career') or contains(@href, 'carreira')];https://meteorops.com;Y;
//a[contains(@href, 'position') or contains(@href, 'vaga') or contains(@href, 'job') or contains(@href, 'career') or contains(@href, 'carreira')];https://www.microsoft.com/;Y;
//a[contains(@href, 'position') or contains(@href, 'vaga') or contains(@href, 'job') or contains(@href, 'career') or contains(@href, 'carreira')];https://getmindful.com/;Y;
//a[contains(@href, 'position') or contains(@href, 'vaga') or contains(@href, 'job') or contains(@href, 'career') or contains(@href, 'carreira')];https://www.mixcloud.com/;Y;
//a[contains(@href, 'position') or contains(@href, 'vaga') or contains(@href, 'job') or contains(@href, 'career') or contains(@href, 'carreira')];https://mixmax.com;Y;
//a[contains(@href, 'position') or contains(@href, 'vaga') or contains(@href, 'job') or contains(@href, 'career') or contains(@href, 'carreira')];https://mixrank.com;Y;
//a[contains(@href, 'position') or contains(@href, 'vaga') or contains(@href, 'job') or contains(@href, 'career') or contains(@href, 'carreira')];https://mobilejazz.com;Y;
//a[contains(@href, 'position') or contains(@href, 'vaga') or contains(@href, 'job') or contains(@href, 'career') or contains(@href, 'carreira')];https://www.modernhealth.com/;Y;
//a[contains(@href, 'position') or contains(@href, 'vaga') or contains(@href, 'job') or contains(@href, 'career') or contains(@href, 'carreira')];https://tri.be/;Y;
//a[contains(@href, 'position') or contains(@href, 'vaga') or contains(@href, 'job') or contains(@href, 'career') or contains(@href, 'carreira')];https://modsquad.com/;Y;
//a[contains(@href, 'position') or contains(@href, 'vaga') or contains(@href, 'job') or contains(@href, 'career') or contains(@href, 'carreira')];https://molteo.com/;Y;
//a[contains(@href, 'position') or contains(@href, 'vaga') or contains(@href, 'job') or contains(@href, 'career') or contains(@href, 'carreira')];https://mongodb.com;Y;
//a[contains(@href, 'position') or contains(@href, 'vaga') or contains(@href, 'job') or contains(@href, 'career') or contains(@href, 'carreira')];https://monthly.com;Y;
//a[contains(@href, 'position') or contains(@href, 'vaga') or contains(@href, 'job') or contains(@href, 'career') or contains(@href, 'carreira')];https://www.mozilla.org/;Y;
//a[contains(@href, 'position') or contains(@href, 'vaga') or contains(@href, 'job') or contains(@href, 'career') or contains(@href, 'carreira')];https://www.mtcmedia.co.uk;Y;
//a[contains(@href, 'position') or contains(@href, 'vaga') or contains(@href, 'job') or contains(@href, 'career') or contains(@href, 'carreira')];https://muckrack.com;Y;
//a[contains(@href, 'position') or contains(@href, 'vaga') or contains(@href, 'job') or contains(@href, 'career') or contains(@href, 'carreira')];https://mux.com;Y;
//a[contains(@href, 'position') or contains(@href, 'vaga') or contains(@href, 'job') or contains(@href, 'career') or contains(@href, 'carreira')];https://mycelium.ventures/;Y;
//a[contains(@href, 'position') or contains(@href, 'vaga') or contains(@href, 'job') or contains(@href, 'career') or contains(@href, 'carreira')];https://www.mysql.com/;Y;
//a[contains(@href, 'position') or contains(@href, 'vaga') or contains(@href, 'job') or contains(@href, 'career') or contains(@href, 'carreira')];https://www.nagarro.com/en;Y;
//a[contains(@href, 'position') or contains(@href, 'vaga') or contains(@href, 'job') or contains(@href, 'career') or contains(@href, 'carreira')];https://www.nationwide.com/;Y;
//a[contains(@href, 'position') or contains(@href, 'vaga') or contains(@href, 'job') or contains(@href, 'career') or contains(@href, 'carreira')];https://www.netapp.com/;Y;
//a[contains(@href, 'position') or contains(@href, 'vaga') or contains(@href, 'job') or contains(@href, 'career') or contains(@href, 'carreira')];https://www.netguru.com;Y;
//a[contains(@href, 'position') or contains(@href, 'vaga') or contains(@href, 'job') or contains(@href, 'career') or contains(@href, 'carreira')];https://www.netris.ai;Y;
//a[contains(@href, 'position') or contains(@href, 'vaga') or contains(@href, 'job') or contains(@href, 'career') or contains(@href, 'carreira')];https://www.netsparker.com/;Y;
//a[contains(@href, 'position') or contains(@href, 'vaga') or contains(@href, 'job') or contains(@href, 'career') or contains(@href, 'carreira')];https://www.webdesignedinburgh.com;Y;
//a[contains(@href, 'position') or contains(@href, 'vaga') or contains(@href, 'job') or contains(@href, 'career') or contains(@href, 'carreira')];https://www.newcontext.com/;Y;
//a[contains(@href, 'position') or contains(@href, 'vaga') or contains(@href, 'job') or contains(@href, 'career') or contains(@href, 'carreira')];https://www.nexttrucking.com/;Y;
//a[contains(@href, 'position') or contains(@href, 'vaga') or contains(@href, 'job') or contains(@href, 'career') or contains(@href, 'carreira')];https://www.nocodenoprob.com/;Y;
//a[contains(@href, 'position') or contains(@href, 'vaga') or contains(@href, 'job') or contains(@href, 'career') or contains(@href, 'carreira')];https://nodesource.com/;Y;
//a[contains(@href, 'position') or contains(@href, 'vaga') or contains(@href, 'job') or contains(@href, 'career') or contains(@href, 'carreira')];https://noredink.com;Y;
//a[contains(@href, 'position') or contains(@href, 'vaga') or contains(@href, 'job') or contains(@href, 'career') or contains(@href, 'carreira')];https://www.novoda.com/;Y;
//a[contains(@href, 'position') or contains(@href, 'vaga') or contains(@href, 'job') or contains(@href, 'career') or contains(@href, 'carreira')];https://www.npmjs.com/;Y;
//a[contains(@href, 'position') or contains(@href, 'vaga') or contains(@href, 'job') or contains(@href, 'career') or contains(@href, 'carreira')];https://nuagebiz.tech/;Y;
//a[contains(@href, 'position') or contains(@href, 'vaga') or contains(@href, 'job') or contains(@href, 'career') or contains(@href, 'carreira')];https://www.nuna.com/;Y;
//a[contains(@href, 'position') or contains(@href, 'vaga') or contains(@href, 'job') or contains(@href, 'career') or contains(@href, 'carreira')];https://www.nvidia.com/;Y;
//a[contains(@href, 'position') or contains(@href, 'vaga') or contains(@href, 'job') or contains(@href, 'career') or contains(@href, 'carreira')];https://www.oreilly.com/;Y;
//a[contains(@href, 'position') or contains(@href, 'vaga') or contains(@href, 'job') or contains(@href, 'career') or contains(@href, 'carreira')];https://www.oreilly.com/;Y;
//a[contains(@href, 'position') or contains(@href, 'vaga') or contains(@href, 'job') or contains(@href, 'career') or contains(@href, 'carreira')];https://ocient.com;Y;
//a[contains(@href, 'position') or contains(@href, 'vaga') or contains(@href, 'job') or contains(@href, 'career') or contains(@href, 'carreira')];https://octopus.com/;Y;
//a[contains(@href, 'position') or contains(@href, 'vaga') or contains(@href, 'job') or contains(@href, 'career') or contains(@href, 'carreira')];https://oddball.io/;Y;
//a[contains(@href, 'position') or contains(@href, 'vaga') or contains(@href, 'job') or contains(@href, 'career') or contains(@href, 'carreira')];https://www.okta.com;Y;
//a[contains(@href, 'position') or contains(@href, 'vaga') or contains(@href, 'job') or contains(@href, 'career') or contains(@href, 'carreira')];https://www.olark.com/;Y;
//a[contains(@href, 'position') or contains(@href, 'vaga') or contains(@href, 'job') or contains(@href, 'career') or contains(@href, 'carreira')];https://olist.com/;Y;
//a[contains(@href, 'position') or contains(@href, 'vaga') or contains(@href, 'job') or contains(@href, 'career') or contains(@href, 'carreira')];https://www.myollie.com;Y;
//a[contains(@href, 'position') or contains(@href, 'vaga') or contains(@href, 'job') or contains(@href, 'career') or contains(@href, 'carreira')];https://ollieorder.com/;Y;
//a[contains(@href, 'position') or contains(@href, 'vaga') or contains(@href, 'job') or contains(@href, 'career') or contains(@href, 'carreira')];https://www.olo.com/;Y;
//a[contains(@href, 'position') or contains(@href, 'vaga') or contains(@href, 'job') or contains(@href, 'career') or contains(@href, 'carreira')];https://www.ombulabs.com/;Y;
//a[contains(@href, 'position') or contains(@href, 'vaga') or contains(@href, 'job') or contains(@href, 'career') or contains(@href, 'carreira')];https://omniti.com/;Y;
//a[contains(@href, 'position') or contains(@href, 'vaga') or contains(@href, 'job') or contains(@href, 'career') or contains(@href, 'carreira')];https://onna.com/;Y;
//a[contains(@href, 'position') or contains(@href, 'vaga') or contains(@href, 'job') or contains(@href, 'career') or contains(@href, 'carreira')];https://onthegosystems.com/;Y;
//a[contains(@href, 'position') or contains(@href, 'vaga') or contains(@href, 'job') or contains(@href, 'career') or contains(@href, 'carreira')];https://opencitylabs.it/;Y;
//a[contains(@href, 'position') or contains(@href, 'vaga') or contains(@href, 'job') or contains(@href, 'career') or contains(@href, 'carreira')];https://opencraft.com/;Y;
//a[contains(@href, 'position') or contains(@href, 'vaga') or contains(@href, 'job') or contains(@href, 'career') or contains(@href, 'carreira')];https://openzeppelin.com/;Y;
//a[contains(@href, 'position') or contains(@href, 'vaga') or contains(@href, 'job') or contains(@href, 'career') or contains(@href, 'carreira')];https://www.optoro.com/;Y;
//a[contains(@href, 'position') or contains(@href, 'vaga') or contains(@href, 'job') or contains(@href, 'career') or contains(@href, 'carreira')];https://www.oracle.com/;Y;
//a[contains(@href, 'position') or contains(@href, 'vaga') or contains(@href, 'job') or contains(@href, 'career') or contains(@href, 'carreira')];https://www.ordermentum.com/;Y;
//a[contains(@href, 'position') or contains(@href, 'vaga') or contains(@href, 'job') or contains(@href, 'career') or contains(@href, 'carreira')];https://our-hometown.com/;Y;
//a[contains(@href, 'position') or contains(@href, 'vaga') or contains(@href, 'job') or contains(@href, 'career') or contains(@href, 'carreira')];https://www.outsourcingdev.com/;Y;
//a[contains(@href, 'position') or contains(@href, 'vaga') or contains(@href, 'job') or contains(@href, 'career') or contains(@href, 'carreira')];https://www.madewithover.com/;Y;
//a[contains(@href, 'position') or contains(@href, 'vaga') or contains(@href, 'job') or contains(@href, 'career') or contains(@href, 'carreira')];https://www.packlink.com/;Y;
//a[contains(@href, 'position') or contains(@href, 'vaga') or contains(@href, 'job') or contains(@href, 'career') or contains(@href, 'carreira')];https://pagepro.co;Y;
//a[contains(@href, 'position') or contains(@href, 'vaga') or contains(@href, 'job') or contains(@href, 'career') or contains(@href, 'carreira')];https://pagerduty.com;Y;
//a[contains(@href, 'position') or contains(@href, 'vaga') or contains(@href, 'job') or contains(@href, 'career') or contains(@href, 'carreira')];https://www.gopaktor.com/;Y;
//a[contains(@href, 'position') or contains(@href, 'vaga') or contains(@href, 'job') or contains(@href, 'career') or contains(@href, 'carreira')];https://www.palantir.net/;Y;
//a[contains(@href, 'position') or contains(@href, 'vaga') or contains(@href, 'job') or contains(@href, 'career') or contains(@href, 'carreira')];https://runpanther.io/;Y;
//a[contains(@href, 'position') or contains(@href, 'vaga') or contains(@href, 'job') or contains(@href, 'career') or contains(@href, 'carreira')];https://www.parabol.co/;Y;
//a[contains(@href, 'position') or contains(@href, 'vaga') or contains(@href, 'job') or contains(@href, 'career') or contains(@href, 'carreira')];https://tech.parkassist.com;Y;
//a[contains(@href, 'position') or contains(@href, 'vaga') or contains(@href, 'job') or contains(@href, 'career') or contains(@href, 'carreira')];https://www.parse.ly/;Y;
//a[contains(@href, 'position') or contains(@href, 'vaga') or contains(@href, 'job') or contains(@href, 'career') or contains(@href, 'carreira')];https://particular.net;Y;
//a[contains(@href, 'position') or contains(@href, 'vaga') or contains(@href, 'job') or contains(@href, 'career') or contains(@href, 'carreira')];https://pathable.com/;Y;
//a[contains(@href, 'position') or contains(@href, 'vaga') or contains(@href, 'job') or contains(@href, 'career') or contains(@href, 'carreira')];https://www.payfully.co;Y;
//a[contains(@href, 'position') or contains(@href, 'vaga') or contains(@href, 'job') or contains(@href, 'career') or contains(@href, 'carreira')];https://www.paylocity.com/;Y;
//a[contains(@href, 'position') or contains(@href, 'vaga') or contains(@href, 'job') or contains(@href, 'career') or contains(@href, 'carreira')];https://www.payscale.com/;Y;
//a[contains(@href, 'position') or contains(@href, 'vaga') or contains(@href, 'job') or contains(@href, 'career') or contains(@href, 'carreira')];https://paytmlabs.com/;Y;
//a[contains(@href, 'position') or contains(@href, 'vaga') or contains(@href, 'job') or contains(@href, 'career') or contains(@href, 'carreira')];https://corporate.payu.com;Y;
//a[contains(@href, 'position') or contains(@href, 'vaga') or contains(@href, 'job') or contains(@href, 'career') or contains(@href, 'carreira')];https://www.getbeyond.com/peachworks-restaurant-management-software/;Y;
//a[contains(@href, 'position') or contains(@href, 'vaga') or contains(@href, 'job') or contains(@href, 'career') or contains(@href, 'carreira')];https://www.people-doc.com;Y;
//a[contains(@href, 'position') or contains(@href, 'vaga') or contains(@href, 'job') or contains(@href, 'career') or contains(@href, 'carreira')];https://www.percona.com;Y;
//a[contains(@href, 'position') or contains(@href, 'vaga') or contains(@href, 'job') or contains(@href, 'career') or contains(@href, 'carreira')];https://pex.com;Y;
//a[contains(@href, 'position') or contains(@href, 'vaga') or contains(@href, 'job') or contains(@href, 'career') or contains(@href, 'carreira')];https://plai.team;Y;
//a[contains(@href, 'position') or contains(@href, 'vaga') or contains(@href, 'job') or contains(@href, 'career') or contains(@href, 'carreira')];https://platformbuilders.io/;Y;
//a[contains(@href, 'position') or contains(@href, 'vaga') or contains(@href, 'job') or contains(@href, 'career') or contains(@href, 'carreira')];https://platform.sh/;Y;
//a[contains(@href, 'position') or contains(@href, 'vaga') or contains(@href, 'job') or contains(@href, 'career') or contains(@href, 'carreira')];https://www.pleo.io/;Y;
//a[contains(@href, 'position') or contains(@href, 'vaga') or contains(@href, 'job') or contains(@href, 'career') or contains(@href, 'carreira')];https://plex.tv;Y;
//a[contains(@href, 'position') or contains(@href, 'vaga') or contains(@href, 'job') or contains(@href, 'career') or contains(@href, 'carreira')];https://www.pnc.com/;Y;
//a[contains(@href, 'position') or contains(@href, 'vaga') or contains(@href, 'job') or contains(@href, 'career') or contains(@href, 'carreira')];https://polygon.technology/careers/#all-roles;Y;
//a[contains(@href, 'position') or contains(@href, 'vaga') or contains(@href, 'job') or contains(@href, 'career') or contains(@href, 'carreira')];https://www.powerschool.com/;Y;
//a[contains(@href, 'position') or contains(@href, 'vaga') or contains(@href, 'job') or contains(@href, 'career') or contains(@href, 'carreira')];https://www.pragma.co/;Y;
//a[contains(@href, 'position') or contains(@href, 'vaga') or contains(@href, 'job') or contains(@href, 'career') or contains(@href, 'carreira')];https://www.precisionnutrition.com/;Y;
//a[contains(@href, 'position') or contains(@href, 'vaga') or contains(@href, 'job') or contains(@href, 'career') or contains(@href, 'carreira')];https://predictmobile.com/;Y;
//a[contains(@href, 'position') or contains(@href, 'vaga') or contains(@href, 'job') or contains(@href, 'career') or contains(@href, 'carreira')];https://www.prelude.co/;Y;
//a[contains(@href, 'position') or contains(@href, 'vaga') or contains(@href, 'job') or contains(@href, 'career') or contains(@href, 'carreira')];https://www.previousnext.com.au/;Y;
//a[contains(@href, 'position') or contains(@href, 'vaga') or contains(@href, 'job') or contains(@href, 'career') or contains(@href, 'carreira')];https://prezi.com/jobs/;Y;
//a[contains(@href, 'position') or contains(@href, 'vaga') or contains(@href, 'job') or contains(@href, 'career') or contains(@href, 'carreira')];https://www.prezly.com/;Y;
//a[contains(@href, 'position') or contains(@href, 'vaga') or contains(@href, 'job') or contains(@href, 'career') or contains(@href, 'carreira')];https://www.pwc.com;Y;
//a[contains(@href, 'position') or contains(@href, 'vaga') or contains(@href, 'job') or contains(@href, 'career') or contains(@href, 'carreira')];https://primer.io/careers;Y;
//a[contains(@href, 'position') or contains(@href, 'vaga') or contains(@href, 'job') or contains(@href, 'career') or contains(@href, 'carreira')];https://www.prisma.io/;Y;
//a[contains(@href, 'position') or contains(@href, 'vaga') or contains(@href, 'job') or contains(@href, 'career') or contains(@href, 'carreira')];https://www.privacycloud.com/en;Y;
//a[contains(@href, 'position') or contains(@href, 'vaga') or contains(@href, 'job') or contains(@href, 'career') or contains(@href, 'carreira')];https://www.procenge.com.br;Y;
//a[contains(@href, 'position') or contains(@href, 'vaga') or contains(@href, 'job') or contains(@href, 'career') or contains(@href, 'carreira')];https://procurify.com/careers;Y;
//a[contains(@href, 'position') or contains(@href, 'vaga') or contains(@href, 'job') or contains(@href, 'career') or contains(@href, 'carreira')];https://www.progress-engine.com/en;Y;
//a[contains(@href, 'position') or contains(@href, 'vaga') or contains(@href, 'job') or contains(@href, 'career') or contains(@href, 'carreira')];https://prominentedge.com/careers;Y;
//a[contains(@href, 'position') or contains(@href, 'vaga') or contains(@href, 'job') or contains(@href, 'career') or contains(@href, 'carreira')];https://puppet.com/;Y;
//a[contains(@href, 'position') or contains(@href, 'vaga') or contains(@href, 'job') or contains(@href, 'career') or contains(@href, 'carreira')];https://quaderno.io/;Y;
//a[contains(@href, 'position') or contains(@href, 'vaga') or contains(@href, 'job') or contains(@href, 'career') or contains(@href, 'carreira')];https://quantifyhq.com;Y;
//a[contains(@href, 'position') or contains(@href, 'vaga') or contains(@href, 'job') or contains(@href, 'career') or contains(@href, 'carreira')];https://questdb.io;Y;
//a[contains(@href, 'position') or contains(@href, 'vaga') or contains(@href, 'job') or contains(@href, 'career') or contains(@href, 'carreira')];https://www.quora.com;Y;
//a[contains(@href, 'position') or contains(@href, 'vaga') or contains(@href, 'job') or contains(@href, 'career') or contains(@href, 'carreira')];https://rackspace.com/;Y;
//a[contains(@href, 'position') or contains(@href, 'vaga') or contains(@href, 'job') or contains(@href, 'career') or contains(@href, 'carreira')];https://goraft.tech;Y;
//a[contains(@href, 'position') or contains(@href, 'vaga') or contains(@href, 'job') or contains(@href, 'career') or contains(@href, 'carreira')];https://www.rainforestqa.com/jobs/;Y;
//a[contains(@href, 'position') or contains(@href, 'vaga') or contains(@href, 'job') or contains(@href, 'career') or contains(@href, 'carreira')];https://solutions.travel.rakuten.com;Y;
//a[contains(@href, 'position') or contains(@href, 'vaga') or contains(@href, 'job') or contains(@href, 'career') or contains(@href, 'carreira')];https://www.ramp.com/;Y;
//a[contains(@href, 'position') or contains(@href, 'vaga') or contains(@href, 'job') or contains(@href, 'career') or contains(@href, 'carreira')];https://reactioncommerce.com/careers/;Y;
//a[contains(@href, 'position') or contains(@href, 'vaga') or contains(@href, 'job') or contains(@href, 'career') or contains(@href, 'carreira')];https://www.reactiveops.com;Y;
//a[contains(@href, 'position') or contains(@href, 'vaga') or contains(@href, 'job') or contains(@href, 'career') or contains(@href, 'carreira')];https://www.real-digital.de;Y;
//a[contains(@href, 'position') or contains(@href, 'vaga') or contains(@href, 'job') or contains(@href, 'career') or contains(@href, 'carreira')];https://realtimecrm.co.uk/;Y;
//a[contains(@href, 'position') or contains(@href, 'vaga') or contains(@href, 'job') or contains(@href, 'career') or contains(@href, 'carreira')];https://www.rebelmouse.com/;Y;
//a[contains(@href, 'position') or contains(@href, 'vaga') or contains(@href, 'job') or contains(@href, 'career') or contains(@href, 'carreira')];https://www.reboot.studio/;Y;
//a[contains(@href, 'position') or contains(@href, 'vaga') or contains(@href, 'job') or contains(@href, 'career') or contains(@href, 'carreira')];https://rechargepayments.com/;Y;
//a[contains(@href, 'position') or contains(@href, 'vaga') or contains(@href, 'job') or contains(@href, 'career') or contains(@href, 'carreira')];https://recurly.com/;Y;
//a[contains(@href, 'position') or contains(@href, 'vaga') or contains(@href, 'job') or contains(@href, 'career') or contains(@href, 'carreira')];https://www.redhat.com;Y;
//a[contains(@href, 'position') or contains(@href, 'vaga') or contains(@href, 'job') or contains(@href, 'career') or contains(@href, 'carreira')];https://www.redditinc.com;Y;
//a[contains(@href, 'position') or contains(@href, 'vaga') or contains(@href, 'job') or contains(@href, 'career') or contains(@href, 'carreira')];https://redmonk.com;Y;
//a[contains(@href, 'position') or contains(@href, 'vaga') or contains(@href, 'job') or contains(@href, 'career') or contains(@href, 'carreira')];https://www.redoxengine.com/;Y;
//a[contains(@href, 'position') or contains(@href, 'vaga') or contains(@href, 'job') or contains(@href, 'career') or contains(@href, 'carreira')];https://reducer.co.uk;Y;
//a[contains(@href, 'position') or contains(@href, 'vaga') or contains(@href, 'job') or contains(@href, 'career') or contains(@href, 'carreira')];https://reinteractive.com/careers;Y;
//a[contains(@href, 'position') or contains(@href, 'vaga') or contains(@href, 'job') or contains(@href, 'career') or contains(@href, 'carreira')];http://www.remotegarage.club/;Y;
//a[contains(@href, 'position') or contains(@href, 'vaga') or contains(@href, 'job') or contains(@href, 'career') or contains(@href, 'carreira')];https://remotebase.com;Y;
//a[contains(@href, 'position') or contains(@href, 'vaga') or contains(@href, 'job') or contains(@href, 'career') or contains(@href, 'carreira')];https://renofi.com/;Y;
//a[contains(@href, 'position') or contains(@href, 'vaga') or contains(@href, 'job') or contains(@href, 'career') or contains(@href, 'carreira')];https://replit.com;Y;
//a[contains(@href, 'position') or contains(@href, 'vaga') or contains(@href, 'job') or contains(@href, 'career') or contains(@href, 'carreira')];https://www.researchsquare.com/;Y;
//a[contains(@href, 'position') or contains(@href, 'vaga') or contains(@href, 'job') or contains(@href, 'career') or contains(@href, 'carreira')];https://www.revolut.com/;Y;
//a[contains(@href, 'position') or contains(@href, 'vaga') or contains(@href, 'job') or contains(@href, 'career') or contains(@href, 'carreira')];https://www.roadtrippers.com;Y;
//a[contains(@href, 'position') or contains(@href, 'vaga') or contains(@href, 'job') or contains(@href, 'career') or contains(@href, 'carreira')];https://rocket.chat;Y;
//a[contains(@href, 'position') or contains(@href, 'vaga') or contains(@href, 'job') or contains(@href, 'career') or contains(@href, 'carreira')];https://rtcamp.com;Y;
//a[contains(@href, 'position') or contains(@href, 'vaga') or contains(@href, 'job') or contains(@href, 'career') or contains(@href, 'carreira')];https://www.safeguardglobal.com/;Y;
//a[contains(@href, 'position') or contains(@href, 'vaga') or contains(@href, 'job') or contains(@href, 'career') or contains(@href, 'carreira')];https://www.salesforce.com/;Y;
//a[contains(@href, 'position') or contains(@href, 'vaga') or contains(@href, 'job') or contains(@href, 'career') or contains(@href, 'carreira')];https://sandhillsdev.com;Y;
//a[contains(@href, 'position') or contains(@href, 'vaga') or contains(@href, 'job') or contains(@href, 'career') or contains(@href, 'carreira')];https://scalac.io/;Y;
//a[contains(@href, 'position') or contains(@href, 'vaga') or contains(@href, 'job') or contains(@href, 'career') or contains(@href, 'carreira')];https://scandit.com;Y;
//a[contains(@href, 'position') or contains(@href, 'vaga') or contains(@href, 'job') or contains(@href, 'career') or contains(@href, 'carreira')];https://scopicsoftware.com/;Y;
//a[contains(@href, 'position') or contains(@href, 'vaga') or contains(@href, 'job') or contains(@href, 'career') or contains(@href, 'carreira')];https://www.scrapingbee.com/;Y;
//a[contains(@href, 'position') or contains(@href, 'vaga') or contains(@href, 'job') or contains(@href, 'career') or contains(@href, 'carreira')];https://scrapinghub.com/;Y;
//a[contains(@href, 'position') or contains(@href, 'vaga') or contains(@href, 'job') or contains(@href, 'career') or contains(@href, 'carreira')];https://scylladb.com/;Y;
//a[contains(@href, 'position') or contains(@href, 'vaga') or contains(@href, 'job') or contains(@href, 'career') or contains(@href, 'carreira')];https://www.seaplane.io/;Y;
//a[contains(@href, 'position') or contains(@href, 'vaga') or contains(@href, 'job') or contains(@href, 'career') or contains(@href, 'carreira')];https://securityscorecard.com/;Y;
//a[contains(@href, 'position') or contains(@href, 'vaga') or contains(@href, 'job') or contains(@href, 'career') or contains(@href, 'carreira')];https://www.seeq.com;Y;
//a[contains(@href, 'position') or contains(@href, 'vaga') or contains(@href, 'job') or contains(@href, 'career') or contains(@href, 'carreira')];https://semaphoreci.com;Y;
//a[contains(@href, 'position') or contains(@href, 'vaga') or contains(@href, 'job') or contains(@href, 'career') or contains(@href, 'carreira')];https://www.sendwave.com/;Y;
//a[contains(@href, 'position') or contains(@href, 'vaga') or contains(@href, 'job') or contains(@href, 'career') or contains(@href, 'carreira')];https://serpapi.com/;Y;
//a[contains(@href, 'position') or contains(@href, 'vaga') or contains(@href, 'job') or contains(@href, 'career') or contains(@href, 'carreira')];https://www.serverdensity.com;Y;
//a[contains(@href, 'position') or contains(@href, 'vaga') or contains(@href, 'job') or contains(@href, 'career') or contains(@href, 'carreira')];https://servmask.com;Y;
//a[contains(@href, 'position') or contains(@href, 'vaga') or contains(@href, 'job') or contains(@href, 'career') or contains(@href, 'carreira')];https://getsession.com;Y;
//a[contains(@href, 'position') or contains(@href, 'vaga') or contains(@href, 'job') or contains(@href, 'career') or contains(@href, 'carreira')];https://shareup.app;Y;
//a[contains(@href, 'position') or contains(@href, 'vaga') or contains(@href, 'job') or contains(@href, 'career') or contains(@href, 'carreira')];https://shippabo.com;Y;
//a[contains(@href, 'position') or contains(@href, 'vaga') or contains(@href, 'job') or contains(@href, 'career') or contains(@href, 'carreira')];https://getshogun.com;Y;
//a[contains(@href, 'position') or contains(@href, 'vaga') or contains(@href, 'job') or contains(@href, 'career') or contains(@href, 'carreira')];https://www.shopify.com;Y;
//a[contains(@href, 'position') or contains(@href, 'vaga') or contains(@href, 'job') or contains(@href, 'career') or contains(@href, 'carreira')];https://sigmadefense.com;Y;
//a[contains(@href, 'position') or contains(@href, 'vaga') or contains(@href, 'job') or contains(@href, 'career') or contains(@href, 'carreira')];https://signeasy.com/;Y;
//a[contains(@href, 'position') or contains(@href, 'vaga') or contains(@href, 'job') or contains(@href, 'career') or contains(@href, 'carreira')];https://www.silverfin.com/;Y;
//a[contains(@href, 'position') or contains(@href, 'vaga') or contains(@href, 'job') or contains(@href, 'career') or contains(@href, 'carreira')];https://simplabs.com/;Y;
//a[contains(@href, 'position') or contains(@href, 'vaga') or contains(@href, 'job') or contains(@href, 'career') or contains(@href, 'carreira')];https://simpletexting.com/;Y;
//a[contains(@href, 'position') or contains(@href, 'vaga') or contains(@href, 'job') or contains(@href, 'career') or contains(@href, 'carreira')];https://sixtostart.com;Y;
//a[contains(@href, 'position') or contains(@href, 'vaga') or contains(@href, 'job') or contains(@href, 'career') or contains(@href, 'carreira')];https://skillcrush.com;Y;
//a[contains(@href, 'position') or contains(@href, 'vaga') or contains(@href, 'job') or contains(@href, 'career') or contains(@href, 'carreira')];https://www.skillshare.com/teach;Y;
//a[contains(@href, 'position') or contains(@href, 'vaga') or contains(@href, 'job') or contains(@href, 'career') or contains(@href, 'carreira')];https://www.skyrocketventures.com/;Y;
//a[contains(@href, 'position') or contains(@href, 'vaga') or contains(@href, 'job') or contains(@href, 'career') or contains(@href, 'carreira')];https://www.smartcash.cc/;Y;
//a[contains(@href, 'position') or contains(@href, 'vaga') or contains(@href, 'job') or contains(@href, 'career') or contains(@href, 'carreira')];https://smile.io;Y;
//a[contains(@href, 'position') or contains(@href, 'vaga') or contains(@href, 'job') or contains(@href, 'career') or contains(@href, 'carreira')];https://smmile.com;Y;
//a[contains(@href, 'position') or contains(@href, 'vaga') or contains(@href, 'job') or contains(@href, 'career') or contains(@href, 'carreira')];https://www.smugmug.com/;Y;
//a[contains(@href, 'position') or contains(@href, 'vaga') or contains(@href, 'job') or contains(@href, 'career') or contains(@href, 'carreira')];https://socketsupply.co;Y;
//a[contains(@href, 'position') or contains(@href, 'vaga') or contains(@href, 'job') or contains(@href, 'career') or contains(@href, 'carreira')];https://softwaremill.com/;Y;
//a[contains(@href, 'position') or contains(@href, 'vaga') or contains(@href, 'job') or contains(@href, 'career') or contains(@href, 'carreira')];https://www.sommo.io/;Y;
//a[contains(@href, 'position') or contains(@href, 'vaga') or contains(@href, 'job') or contains(@href, 'career') or contains(@href, 'carreira')];https://www.soostone.com/;Y;
//a[contains(@href, 'position') or contains(@href, 'vaga') or contains(@href, 'job') or contains(@href, 'career') or contains(@href, 'carreira')];https://www.soshace.com/;Y;
//a[contains(@href, 'position') or contains(@href, 'vaga') or contains(@href, 'job') or contains(@href, 'career') or contains(@href, 'carreira')];https://spoqa.co.kr/;Y;
//a[contains(@href, 'position') or contains(@href, 'vaga') or contains(@href, 'job') or contains(@href, 'career') or contains(@href, 'carreira')];https://www.spotify.com/;Y;
//a[contains(@href, 'position') or contains(@href, 'vaga') or contains(@href, 'job') or contains(@href, 'career') or contains(@href, 'carreira')];https://spreaker.com/;Y;
//a[contains(@href, 'position') or contains(@href, 'vaga') or contains(@href, 'job') or contains(@href, 'career') or contains(@href, 'carreira')];https://spreedly.com/;Y;
//a[contains(@href, 'position') or contains(@href, 'vaga') or contains(@href, 'job') or contains(@href, 'career') or contains(@href, 'carreira')];https://getspruce.com/;Y;
//a[contains(@href, 'position') or contains(@href, 'vaga') or contains(@href, 'job') or contains(@href, 'career') or contains(@href, 'carreira')];https://stackexchange.com/;Y;
//a[contains(@href, 'position') or contains(@href, 'vaga') or contains(@href, 'job') or contains(@href, 'career') or contains(@href, 'carreira')];https://www.stairlin.com/;Y;
//a[contains(@href, 'position') or contains(@href, 'vaga') or contains(@href, 'job') or contains(@href, 'career') or contains(@href, 'carreira')];https://www.status.im/;Y;
//a[contains(@href, 'position') or contains(@href, 'vaga') or contains(@href, 'job') or contains(@href, 'career') or contains(@href, 'carreira')];https://getstencil.com/;Y;
//a[contains(@href, 'position') or contains(@href, 'vaga') or contains(@href, 'job') or contains(@href, 'career') or contains(@href, 'carreira')];https://www.stickermule.com/;Y;
//a[contains(@href, 'position') or contains(@href, 'vaga') or contains(@href, 'job') or contains(@href, 'career') or contains(@href, 'carreira')];https://www.stitchfix.com;Y;
//a[contains(@href, 'position') or contains(@href, 'vaga') or contains(@href, 'job') or contains(@href, 'career') or contains(@href, 'carreira')];https://www.stone.co/;Y;
//a[contains(@href, 'position') or contains(@href, 'vaga') or contains(@href, 'job') or contains(@href, 'career') or contains(@href, 'carreira')];https://stormx.io/;Y;
//a[contains(@href, 'position') or contains(@href, 'vaga') or contains(@href, 'job') or contains(@href, 'career') or contains(@href, 'carreira')];https://strapi.io/careers;Y;
//a[contains(@href, 'position') or contains(@href, 'vaga') or contains(@href, 'job') or contains(@href, 'career') or contains(@href, 'carreira')];https://streamnative.io/careers/;Y;
//a[contains(@href, 'position') or contains(@href, 'vaga') or contains(@href, 'job') or contains(@href, 'career') or contains(@href, 'carreira')];https://stripe.com/;Y;
//a[contains(@href, 'position') or contains(@href, 'vaga') or contains(@href, 'job') or contains(@href, 'career') or contains(@href, 'carreira')];https://studysoup.com/;Y;
//a[contains(@href, 'position') or contains(@href, 'vaga') or contains(@href, 'job') or contains(@href, 'career') or contains(@href, 'carreira')];https://superplayer.company/;Y;
//a[contains(@href, 'position') or contains(@href, 'vaga') or contains(@href, 'job') or contains(@href, 'career') or contains(@href, 'carreira')];https://www.surevine.com/;Y;
//a[contains(@href, 'position') or contains(@href, 'vaga') or contains(@href, 'job') or contains(@href, 'career') or contains(@href, 'carreira')];https://www.suse.com/;Y;
//a[contains(@href, 'position') or contains(@href, 'vaga') or contains(@href, 'job') or contains(@href, 'career') or contains(@href, 'carreira')];https://www.sutherlandcloudsource.com;Y;
//a[contains(@href, 'position') or contains(@href, 'vaga') or contains(@href, 'job') or contains(@href, 'career') or contains(@href, 'carreira')];https://www.sweetrush.com;Y;
//a[contains(@href, 'position') or contains(@href, 'vaga') or contains(@href, 'job') or contains(@href, 'career') or contains(@href, 'carreira')];https://www.swimlane.com;Y;
//a[contains(@href, 'position') or contains(@href, 'vaga') or contains(@href, 'job') or contains(@href, 'career') or contains(@href, 'carreira')];https://sysdig.com/;Y;
//a[contains(@href, 'position') or contains(@href, 'vaga') or contains(@href, 'job') or contains(@href, 'career') or contains(@href, 'carreira')];https://tag1consulting.com/;Y;
//a[contains(@href, 'position') or contains(@href, 'vaga') or contains(@href, 'job') or contains(@href, 'career') or contains(@href, 'carreira')];https://taledo.com/;Y;
//a[contains(@href, 'position') or contains(@href, 'vaga') or contains(@href, 'job') or contains(@href, 'career') or contains(@href, 'carreira')];https://taplytics.com/;Y;
//a[contains(@href, 'position') or contains(@href, 'vaga') or contains(@href, 'job') or contains(@href, 'career') or contains(@href, 'carreira')];https://taskade.com/;Y;
//a[contains(@href, 'position') or contains(@href, 'vaga') or contains(@href, 'job') or contains(@href, 'career') or contains(@href, 'carreira')];https://www.tatvasoft.com/;Y;
//a[contains(@href, 'position') or contains(@href, 'vaga') or contains(@href, 'job') or contains(@href, 'career') or contains(@href, 'carreira')];https://www.taxjar.com;Y;
//a[contains(@href, 'position') or contains(@href, 'vaga') or contains(@href, 'job') or contains(@href, 'career') or contains(@href, 'carreira')];https://www.teamflowhq.com/;Y;
//a[contains(@href, 'position') or contains(@href, 'vaga') or contains(@href, 'job') or contains(@href, 'career') or contains(@href, 'carreira')];https://www.teamsnap.com;Y;
//a[contains(@href, 'position') or contains(@href, 'vaga') or contains(@href, 'job') or contains(@href, 'career') or contains(@href, 'carreira')];https://www.computacenter.com/;Y;
//a[contains(@href, 'position') or contains(@href, 'vaga') or contains(@href, 'job') or contains(@href, 'career') or contains(@href, 'carreira')];https://www.ted.com/;Y;
//a[contains(@href, 'position') or contains(@href, 'vaga') or contains(@href, 'job') or contains(@href, 'career') or contains(@href, 'carreira')];https://teleport.org/;Y;
//a[contains(@href, 'position') or contains(@href, 'vaga') or contains(@href, 'job') or contains(@href, 'career') or contains(@href, 'carreira')];https://www.telerik.com/;Y;
//a[contains(@href, 'position') or contains(@href, 'vaga') or contains(@href, 'job') or contains(@href, 'career') or contains(@href, 'carreira')];https://telestax.com/;Y;
//a[contains(@href, 'position') or contains(@href, 'vaga') or contains(@href, 'job') or contains(@href, 'career') or contains(@href, 'carreira')];https://www.tenable.com/;Y;
//a[contains(@href, 'position') or contains(@href, 'vaga') or contains(@href, 'job') or contains(@href, 'career') or contains(@href, 'carreira')];https://teravisiontech.com/;Y;
//a[contains(@href, 'position') or contains(@href, 'vaga') or contains(@href, 'job') or contains(@href, 'career') or contains(@href, 'carreira')];https://testdouble.com/;Y;
//a[contains(@href, 'position') or contains(@href, 'vaga') or contains(@href, 'job') or contains(@href, 'career') or contains(@href, 'carreira')];https://www.testgorilla.com/;Y;
//a[contains(@href, 'position') or contains(@href, 'vaga') or contains(@href, 'job') or contains(@href, 'career') or contains(@href, 'carreira')];https://thecrafterslab.eu/;Y;
//a[contains(@href, 'position') or contains(@href, 'vaga') or contains(@href, 'job') or contains(@href, 'career') or contains(@href, 'carreira')];https://thegrid.io/;Y;
//a[contains(@href, 'position') or contains(@href, 'vaga') or contains(@href, 'job') or contains(@href, 'career') or contains(@href, 'carreira')];https://www.publisherdesk.com;Y;
//a[contains(@href, 'position') or contains(@href, 'vaga') or contains(@href, 'job') or contains(@href, 'career') or contains(@href, 'carreira')];https://www.scalefactory.com/;Y;
//a[contains(@href, 'position') or contains(@href, 'vaga') or contains(@href, 'job') or contains(@href, 'career') or contains(@href, 'carreira')];https://thewirecutter.com/;Y;
//a[contains(@href, 'position') or contains(@href, 'vaga') or contains(@href, 'job') or contains(@href, 'career') or contains(@href, 'carreira')];https://theoremone.co/;Y;
//a[contains(@href, 'position') or contains(@href, 'vaga') or contains(@href, 'job') or contains(@href, 'career') or contains(@href, 'carreira')];https://www.thinkful.com/;Y;
//a[contains(@href, 'position') or contains(@href, 'vaga') or contains(@href, 'job') or contains(@href, 'career') or contains(@href, 'carreira')];https://thirdiron.com/;Y;
//a[contains(@href, 'position') or contains(@href, 'vaga') or contains(@href, 'job') or contains(@href, 'career') or contains(@href, 'carreira')];https://thorn.org/;Y;
//a[contains(@href, 'position') or contains(@href, 'vaga') or contains(@href, 'job') or contains(@href, 'career') or contains(@href, 'carreira')];https://timespothq.com/;Y;
//a[contains(@href, 'position') or contains(@href, 'vaga') or contains(@href, 'job') or contains(@href, 'career') or contains(@href, 'carreira')];https://tipe.io;Y;
//a[contains(@href, 'position') or contains(@href, 'vaga') or contains(@href, 'job') or contains(@href, 'career') or contains(@href, 'carreira')];https://pos.toasttab.com/;Y;
//a[contains(@href, 'position') or contains(@href, 'vaga') or contains(@href, 'job') or contains(@href, 'career') or contains(@href, 'carreira')];https://toggl.com/;Y;
//a[contains(@href, 'position') or contains(@href, 'vaga') or contains(@href, 'job') or contains(@href, 'career') or contains(@href, 'carreira')];https://www.toptal.com/;Y;
//a[contains(@href, 'position') or contains(@href, 'vaga') or contains(@href, 'job') or contains(@href, 'career') or contains(@href, 'carreira')];https://www.git-tower.com/;Y;
//a[contains(@href, 'position') or contains(@href, 'vaga') or contains(@href, 'job') or contains(@href, 'career') or contains(@href, 'carreira')];https://tractionboard.io/;Y;
//a[contains(@href, 'position') or contains(@href, 'vaga') or contains(@href, 'job') or contains(@href, 'career') or contains(@href, 'carreira')];http://www.tt.com.pl/;Y;
//a[contains(@href, 'position') or contains(@href, 'vaga') or contains(@href, 'job') or contains(@href, 'career') or contains(@href, 'carreira')];https://transloadit.com/;Y;
//a[contains(@href, 'position') or contains(@href, 'vaga') or contains(@href, 'job') or contains(@href, 'career') or contains(@href, 'carreira')];https://travistravis.co;Y;
//a[contains(@href, 'position') or contains(@href, 'vaga') or contains(@href, 'job') or contains(@href, 'career') or contains(@href, 'carreira')];https://travis-ci.org/;Y;
//a[contains(@href, 'position') or contains(@href, 'vaga') or contains(@href, 'job') or contains(@href, 'career') or contains(@href, 'carreira')];https://teamtreehouse.com/;Y;
//a[contains(@href, 'position') or contains(@href, 'vaga') or contains(@href, 'job') or contains(@href, 'career') or contains(@href, 'carreira')];https://trello.com/;Y;
//a[contains(@href, 'position') or contains(@href, 'vaga') or contains(@href, 'job') or contains(@href, 'career') or contains(@href, 'carreira')];https://www.truelogicsoftware.com/;Y;
//a[contains(@href, 'position') or contains(@href, 'vaga') or contains(@href, 'job') or contains(@href, 'career') or contains(@href, 'carreira')];https://truss.works;Y;
//a[contains(@href, 'position') or contains(@href, 'vaga') or contains(@href, 'job') or contains(@href, 'career') or contains(@href, 'carreira')];https://www.tuftandneedle.com/;Y;
//a[contains(@href, 'position') or contains(@href, 'vaga') or contains(@href, 'job') or contains(@href, 'career') or contains(@href, 'carreira')];https://www.turing.com/;Y;
//a[contains(@href, 'position') or contains(@href, 'vaga') or contains(@href, 'job') or contains(@href, 'career') or contains(@href, 'carreira')];https://www.twilio.com/;Y;
//a[contains(@href, 'position') or contains(@href, 'vaga') or contains(@href, 'job') or contains(@href, 'career') or contains(@href, 'carreira')];https://www.two.ai/;Y;
//a[contains(@href, 'position') or contains(@href, 'vaga') or contains(@href, 'job') or contains(@href, 'career') or contains(@href, 'carreira')];https://www.udacity.com/;Y;
//a[contains(@href, 'position') or contains(@href, 'vaga') or contains(@href, 'job') or contains(@href, 'career') or contains(@href, 'carreira')];https://uhurunetwork.com/;Y;
//a[contains(@href, 'position') or contains(@href, 'vaga') or contains(@href, 'job') or contains(@href, 'career') or contains(@href, 'carreira')];https://weareuncapped.com/;Y;
//a[contains(@href, 'position') or contains(@href, 'vaga') or contains(@href, 'job') or contains(@href, 'career') or contains(@href, 'carreira')];https://www.upwork.com;Y;
//a[contains(@href, 'position') or contains(@href, 'vaga') or contains(@href, 'job') or contains(@href, 'career') or contains(@href, 'carreira')];https://www.upworthy.com/;Y;
//a[contains(@href, 'position') or contains(@href, 'vaga') or contains(@href, 'job') or contains(@href, 'career') or contains(@href, 'carreira')];https://usaa.com;Y;
//a[contains(@href, 'position') or contains(@href, 'vaga') or contains(@href, 'job') or contains(@href, 'career') or contains(@href, 'carreira')];https://www.ushahidi.com;Y;
//a[contains(@href, 'position') or contains(@href, 'vaga') or contains(@href, 'job') or contains(@href, 'career') or contains(@href, 'carreira')];https://www.uship.com;Y;
//a[contains(@href, 'position') or contains(@href, 'vaga') or contains(@href, 'job') or contains(@href, 'career') or contains(@href, 'carreira')];https://www.valimail.com/;Y;
//a[contains(@href, 'position') or contains(@href, 'vaga') or contains(@href, 'job') or contains(@href, 'career') or contains(@href, 'carreira')];https://www.varnish-software.com/about-us;Y;
//a[contains(@href, 'position') or contains(@href, 'vaga') or contains(@href, 'job') or contains(@href, 'career') or contains(@href, 'carreira')];https://vastlimits.com/;Y;
//a[contains(@href, 'position') or contains(@href, 'vaga') or contains(@href, 'job') or contains(@href, 'career') or contains(@href, 'carreira')];https://vercel.com/;Y;
//a[contains(@href, 'position') or contains(@href, 'vaga') or contains(@href, 'job') or contains(@href, 'career') or contains(@href, 'carreira')];https://veryfi.com/about;Y;
//a[contains(@href, 'position') or contains(@href, 'vaga') or contains(@href, 'job') or contains(@href, 'career') or contains(@href, 'carreira')];https://viperdev.io;Y;
//a[contains(@href, 'position') or contains(@href, 'vaga') or contains(@href, 'job') or contains(@href, 'career') or contains(@href, 'carreira')];https://www.virtahealth.com;Y;
//a[contains(@href, 'position') or contains(@href, 'vaga') or contains(@href, 'job') or contains(@href, 'career') or contains(@href, 'carreira')];https://www.vmware.com/in.html;Y;
//a[contains(@href, 'position') or contains(@href, 'vaga') or contains(@href, 'job') or contains(@href, 'career') or contains(@href, 'carreira')];https://voiio.de;Y;
//a[contains(@href, 'position') or contains(@href, 'vaga') or contains(@href, 'job') or contains(@href, 'career') or contains(@href, 'carreira')];https://www.voxmedia.com/;Y;
//a[contains(@href, 'position') or contains(@href, 'vaga') or contains(@href, 'job') or contains(@href, 'career') or contains(@href, 'carreira')];https://boards.greenhouse.io/voxy;Y;
//a[contains(@href, 'position') or contains(@href, 'vaga') or contains(@href, 'job') or contains(@href, 'career') or contains(@href, 'carreira')];https://vshn.ch/jobs;Y;
//a[contains(@href, 'position') or contains(@href, 'vaga') or contains(@href, 'job') or contains(@href, 'career') or contains(@href, 'carreira')];https://wallethub.com/jobs/;Y;
//a[contains(@href, 'position') or contains(@href, 'vaga') or contains(@href, 'job') or contains(@href, 'career') or contains(@href, 'carreira')];https://webdevstudios.com/;Y;
//a[contains(@href, 'position') or contains(@href, 'vaga') or contains(@href, 'job') or contains(@href, 'career') or contains(@href, 'carreira')];https://www.webfx.com;Y;
//a[contains(@href, 'position') or contains(@href, 'vaga') or contains(@href, 'job') or contains(@href, 'career') or contains(@href, 'carreira')];https://www.webikon.sk/en/;Y;
//a[contains(@href, 'position') or contains(@href, 'vaga') or contains(@href, 'job') or contains(@href, 'career') or contains(@href, 'carreira')];https://www.webrunners.de/en/;Y;
//a[contains(@href, 'position') or contains(@href, 'vaga') or contains(@href, 'job') or contains(@href, 'career') or contains(@href, 'carreira')];https://www.wellsfargo.com/;Y;
//a[contains(@href, 'position') or contains(@href, 'vaga') or contains(@href, 'job') or contains(@href, 'career') or contains(@href, 'carreira')];https://wemake.services/;Y;
//a[contains(@href, 'position') or contains(@href, 'vaga') or contains(@href, 'job') or contains(@href, 'career') or contains(@href, 'carreira')];https://www.wemakemvp.com/;Y;
//a[contains(@href, 'position') or contains(@href, 'vaga') or contains(@href, 'job') or contains(@href, 'career') or contains(@href, 'carreira')];https://www.whitecapseo.com/;Y;
//a[contains(@href, 'position') or contains(@href, 'vaga') or contains(@href, 'job') or contains(@href, 'career') or contains(@href, 'carreira')];https://whitespectre.com;Y;
//a[contains(@href, 'position') or contains(@href, 'vaga') or contains(@href, 'job') or contains(@href, 'career') or contains(@href, 'carreira')];https://www.wikihow.com/wikiHow:About-wikiHow;Y;
//a[contains(@href, 'position') or contains(@href, 'vaga') or contains(@href, 'job') or contains(@href, 'career') or contains(@href, 'carreira')];https://wikimediafoundation.org;Y;
//a[contains(@href, 'position') or contains(@href, 'vaga') or contains(@href, 'job') or contains(@href, 'career') or contains(@href, 'carreira')];https://wildbit.com/;Y;
//a[contains(@href, 'position') or contains(@href, 'vaga') or contains(@href, 'job') or contains(@href, 'career') or contains(@href, 'carreira')];https://www.wizeline.com/;Y;
//a[contains(@href, 'position') or contains(@href, 'vaga') or contains(@href, 'job') or contains(@href, 'career') or contains(@href, 'carreira')];https://www.wolfram.com;Y;
//a[contains(@href, 'position') or contains(@href, 'vaga') or contains(@href, 'job') or contains(@href, 'career') or contains(@href, 'carreira')];https://www.wolve.com/;Y;
//a[contains(@href, 'position') or contains(@href, 'vaga') or contains(@href, 'job') or contains(@href, 'career') or contains(@href, 'carreira')];https://www.wombatsecurity.com/;Y;
//a[contains(@href, 'position') or contains(@href, 'vaga') or contains(@href, 'job') or contains(@href, 'career') or contains(@href, 'carreira')];https://wp-media.me/;Y;
//a[contains(@href, 'position') or contains(@href, 'vaga') or contains(@href, 'job') or contains(@href, 'career') or contains(@href, 'carreira')];https://x-team.com/;Y;
//a[contains(@href, 'position') or contains(@href, 'vaga') or contains(@href, 'job') or contains(@href, 'career') or contains(@href, 'carreira')];https://xapo.com/en/;Y;
//a[contains(@href, 'position') or contains(@href, 'vaga') or contains(@href, 'job') or contains(@href, 'career') or contains(@href, 'carreira')];https://www.xpi.com.br/;Y;
//a[contains(@href, 'position') or contains(@href, 'vaga') or contains(@href, 'job') or contains(@href, 'career') or contains(@href, 'carreira')];https://yandex.com/;Y;
//a[contains(@href, 'position') or contains(@href, 'vaga') or contains(@href, 'job') or contains(@href, 'career') or contains(@href, 'carreira')];https://www.yazio.com/en/jobs;Y;
//a[contains(@href, 'position') or contains(@href, 'vaga') or contains(@href, 'job') or contains(@href, 'career') or contains(@href, 'carreira')];https://www.yodo1.com/en/;Y;
//a[contains(@href, 'position') or contains(@href, 'vaga') or contains(@href, 'job') or contains(@href, 'career') or contains(@href, 'carreira')];https://www.yonder.io;Y;
//a[contains(@href, 'position') or contains(@href, 'vaga') or contains(@href, 'job') or contains(@href, 'career') or contains(@href, 'carreira')];https://www.urlaunched.com;Y;
//a[contains(@href, 'position') or contains(@href, 'vaga') or contains(@href, 'job') or contains(@href, 'career') or contains(@href, 'carreira')];https://www.youneedabudget.com/;Y;
//a[contains(@href, 'position') or contains(@href, 'vaga') or contains(@href, 'job') or contains(@href, 'career') or contains(@href, 'carreira')];https://youcanbook.me;Y;
//a[contains(@href, 'position') or contains(@href, 'vaga') or contains(@href, 'job') or contains(@href, 'career') or contains(@href, 'carreira')];https://zamp.com.br/;Y;
//a[contains(@href, 'position') or contains(@href, 'vaga') or contains(@href, 'job') or contains(@href, 'career') or contains(@href, 'carreira')];https://zapier.com/;Y;
//a[contains(@href, 'position') or contains(@href, 'vaga') or contains(@href, 'job') or contains(@href, 'career') or contains(@href, 'carreira')];https://zeit.io/;Y;
//a[contains(@href, 'position') or contains(@href, 'vaga') or contains(@href, 'job') or contains(@href, 'career') or contains(@href, 'carreira')];https://www.zenrows.com/;Y;
//a[contains(@href, 'position') or contains(@href, 'vaga') or contains(@href, 'job') or contains(@href, 'career') or contains(@href, 'carreira')];https://zignaly.io/;Y;
//a[contains(@href, 'position') or contains(@href, 'vaga') or contains(@href, 'job') or contains(@href, 'career') or contains(@href, 'carreira')];https://zip.co/us/;Y;
//a[contains(@href, 'position') or contains(@href, 'vaga') or contains(@href, 'job') or contains(@href, 'career') or contains(@href, 'carreira')];https://www.zolar.de/;Y;
//a[contains(@href, 'position') or contains(@href, 'vaga') or contains(@href, 'job') or contains(@href, 'career') or contains(@href, 'carreira')];https://zup.com.br/;Y;
//a[contains(@href, 'position') or contains(@href, 'vaga') or contains(@href, 'job') or contains(@href, 'career') or contains(@href, 'carreira')];https://evernote.com/careers/;Y;
//a[contains(@href, 'position') or contains(@href, 'vaga') or contains(@href, 'job') or contains(@href, 'career') or contains(@href, 'carreira')];https://breezy.hr/customers;Y;
//a[contains(@href, 'position') or contains(@href, 'vaga') or contains(@href, 'job') or contains(@href, 'career') or contains(@href, 'carreira')];https://www.17hats.com/;Y;
//a[contains(@href, 'position') or contains(@href, 'vaga') or contains(@href, 'job') or contains(@href, 'career') or contains(@href, 'carreira')];https://18f.gsa.gov/;Y;
//a[contains(@href, 'position') or contains(@href, 'vaga') or contains(@href, 'job') or contains(@href, 'career') or contains(@href, 'carreira')];https://www.42technologies.com/;Y;
//a[contains(@href, 'position') or contains(@href, 'vaga') or contains(@href, 'job') or contains(@href, 'career') or contains(@href, 'carreira')];https://www.abiturma.de/;Y;
//a[contains(@href, 'position') or contains(@href, 'vaga') or contains(@href, 'job') or contains(@href, 'career') or contains(@href, 'carreira')];https://www.abstractapi.com;Y;
//a[contains(@href, 'position') or contains(@href, 'vaga') or contains(@href, 'job') or contains(@href, 'career') or contains(@href, 'carreira')];https://acct.global;Y;
//a[contains(@href, 'position') or contains(@href, 'vaga') or contains(@href, 'job') or contains(@href, 'career') or contains(@href, 'carreira')];https://acivilate.com/;Y;
//a[contains(@href, 'position') or contains(@href, 'vaga') or contains(@href, 'job') or contains(@href, 'career') or contains(@href, 'carreira')];https://www.adaface.com;Y;
//a[contains(@href, 'position') or contains(@href, 'vaga') or contains(@href, 'job') or contains(@href, 'career') or contains(@href, 'carreira')];https://adevait.com/;Y;
//a[contains(@href, 'position') or contains(@href, 'vaga') or contains(@href, 'job') or contains(@href, 'career') or contains(@href, 'carreira')];https://aerostratsoftware.com/;Y;
//a[contains(@href, 'position') or contains(@href, 'vaga') or contains(@href, 'job') or contains(@href, 'career') or contains(@href, 'carreira')];https://www.agflow.com;Y;
//a[contains(@href, 'position') or contains(@href, 'vaga') or contains(@href, 'job') or contains(@href, 'career') or contains(@href, 'carreira')];https://www.aimincorp.com/;Y;
//a[contains(@href, 'position') or contains(@href, 'vaga') or contains(@href, 'job') or contains(@href, 'career') or contains(@href, 'carreira')];https://www.joinairbank.com/;Y;
//a[contains(@href, 'position') or contains(@href, 'vaga') or contains(@href, 'job') or contains(@href, 'career') or contains(@href, 'carreira')];https://www.airtreks.com/;Y;
//a[contains(@href, 'position') or contains(@href, 'vaga') or contains(@href, 'job') or contains(@href, 'career') or contains(@href, 'carreira')];https://aivitex.com/;Y;
//a[contains(@href, 'position') or contains(@href, 'vaga') or contains(@href, 'job') or contains(@href, 'career') or contains(@href, 'carreira')];https://alamisharia.co.id/en/;Y;
//a[contains(@href, 'position') or contains(@href, 'vaga') or contains(@href, 'job') or contains(@href, 'career') or contains(@href, 'carreira')];https://www.algorand.com/;Y;
